tri	ref	alt	lvl	mu	sqrt_mu	obs	pos
AAA	A	C	0	1.7999999999991902e-09	4.242640687121931e-05	0.04651937382036194	27021
AAA	A	G	0	3.010000000005254e-09	5.486346689724986e-05	0.09864251623503638	204496
AAA	A	T	0	1.0399999999999691e-09	3.224903099319227e-05	0.02617665718918157	42557
AAC	A	C	0	1.4200000000001126e-09	3.768288736283321e-05	0.032890786576823004	14989
AAC	A	G	0	5.2600000000081416e-09	7.252585745812597e-05	0.16191572788946287	128536
AAC	A	T	0	1.3399999999999005e-09	3.660601043543673e-05	0.030975219824140688	15012
AAG	A	C	0	1.5199999999984748e-09	3.898717737928106e-05	0.05177577166333315	92495
AAG	A	G	0	3.88999999998302e-09	6.236986451783705e-05	0.13079932237235148	244382
AAG	A	T	0	9.259999999997492e-10	3.043024810938187e-05	0.029276358448969007	61688
AAT	A	G	0	7.810000000012676e-09	8.83742043811258e-05	0.19821339424836998	132206
ACA	C	A	0	2.9000000000011923e-09	5.385164807134684e-05	0.06898575020955575	47720
ACA	C	G	0	2.380000000001088e-09	4.878524367058216e-05	0.09147325827620185	47697
ACA	C	T	0	9.249999999957557e-09	9.617692030863481e-05	0.24868396988824248	202313
ACC	C	A	0	5.620000000000121e-09	7.496665925597797e-05	0.16036036036036036	14430
ACC	C	G	0	2.4199999999998944e-09	4.9193495504998945e-05	0.07520254829997923	14441
ACC	C	T	0	9.860000000008648e-09	9.929753269815655e-05	0.2653614225242364	142451
ACG	C	A	0	6.579999999999545e-09	8.111719916263924e-05	0.16222104846164004	30292
ACG	C	G	0	4.90000000000035e-09	7.000000000001031e-05	0.1532493816055768	17788
ACG	C	T	0	2.1500000000008587e-08	0.0001466287829861137	0.4453296035027974	16444
ACG	C	T	1	5.189999999999876e-08	0.00022781571499788748	0.6299042323138708	3237
ACG	C	T	2	7.189999999999863e-08	0.0002681417535558309	0.6964962121212122	2112
ACG	C	T	3	8.970000000000016e-08	0.000299499582637434	0.8057097541633624	1261
ACG	C	T	4	1.0100000000000153e-07	0.0003178049716414114	0.882186616399623	1061
ACG	C	T	5	1.1499999999999648e-07	0.00033911649915626486	0.9113856068743287	1862
ACG	C	T	6	1.3099999999989004e-07	0.00036193922141694286	0.9336015097338101	40272
ACG	C	T	7	1.380000000000041e-07	0.00037148351242018244	0.9728205869596646	6917
ACG	C	T	8	1.5599999999999613e-07	0.0003949683531626272	0.9770700636942675	1570
ACG	C	T	9	1.8300000000000033e-07	0.00042778499272414807	0.9788359788359788	378
ACG	C	T	10	2.0200000000000014e-07	0.0004494441010848839	0.9831460674157303	178
ACG	C	T	11	2.170000000000002e-07	0.00046583258795408517	0.9468085106382979	94
ACG	C	T	12	2.2900000000000026e-07	0.0004785394445602153	0.9696969696969697	66
ACG	C	T	13	2.3600000000000018e-07	0.00048579831205964463	0.9545454545454546	44
ACG	C	T	14	2.3900000000000006e-07	0.0004888762624632127	0.9166666666666666	12
ACG	C	T	15	2.4399999999999996e-07	0.0004939635614091387	0.8333333333333334	6
ACT	C	T	0	7.879999999970933e-09	8.876936408471797e-05	0.22263439674359847	199484
AGA	G	A	0	5.530000000017262e-09	7.43639697698611e-05	0.16878168438266558	305750
AGA	G	C	0	3.5600000000027385e-09	5.966573556070984e-05	0.15048480651025886	46204
AGA	G	T	0	2.630000000000923e-09	5.128352561987061e-05	0.05569583931133429	69700
AGC	G	A	0	7.709999999985722e-09	8.780660567372486e-05	0.20350880432307342	324954
AGC	G	C	0	2.279999999997849e-09	4.7749345545269915e-05	0.06641993693062369	45664
AGC	G	T	0	1.9800000000018618e-09	4.4497190922586894e-05	0.05312212838576992	45706
AGG	G	A	0	8.069999999952338e-09	8.983317872630389e-05	0.22467608363385713	400412
AGG	G	C	0	2.6900000000023054e-09	5.186520991965709e-05	0.10193331518013915	106501
AGG	G	T	0	1.700000000001934e-09	4.1231056256230765e-05	0.04684552799752259	106563
AGT	G	A	0	7.879999999970943e-09	8.876936408471869e-05	0.2220711931906527	199373
ATA	T	A	0	1.850000000000504e-09	4.3011626335218816e-05	0.04864864864864865	19980
ATA	T	C	0	1.1299999999976479e-08	0.00010630145812734275	0.24317150635208712	88160
ATA	T	G	0	1.209999999999946e-09	3.478505426183871e-05	0.03909104559787777	19979
ATC	T	A	0	2.889999999999325e-09	5.3758720222848174e-05	0.0897126969416126	16185
ATC	T	C	0	5.290000000003484e-09	7.273238618394262e-05	0.1299088979303025	90448
ATC	T	G	0	1.079999999999882e-09	3.286335345031605e-05	0.03689284390063033	16182
ATG	T	A	0	2.299999999998956e-09	4.7958315233121e-05	0.07194082912776087	48943
ATG	T	C	0	1.1399999999986457e-08	0.000106770782520276	0.2642293350947984	208917
ATG	T	G	0	1.980000000001936e-09	4.449719092258695e-05	0.06383587396297356	48938
ATT	T	C	0	7.810000000012719e-09	8.837420438112578e-05	0.19762261886905655	133340
CAA	A	C	0	1.9300000000057863e-09	4.393176527298988e-05	0.05621296752177382	117802
CAA	A	G	0	3.859999999998218e-09	6.212889826787848e-05	0.12259477605829854	195408
CAA	A	T	0	8.940000000027445e-10	2.9899832775403876e-05	0.02876431837658557	152863
CAC	A	C	0	1.899999999997855e-09	4.358898943539897e-05	0.05910553322578587	109719
CAC	A	G	0	5.1899999999923375e-09	7.204165461707476e-05	0.1551782131134231	172434
CAC	A	T	0	1.4100000000017554e-09	3.7549966711100305e-05	0.03991948704870851	109796
CAG	A	C	0	1.6299999999941921e-09	4.0373258476468623e-05	0.0545884328193346	362128
CAG	A	G	0	5.300000000021889e-09	7.280109889252276e-05	0.16850085362680325	315126
CAG	A	T	0	1.1399999999985049e-09	3.376388603209052e-05	0.03608397448876291	316096
CAT	A	C	0	1.9800000000019503e-09	4.449719092258696e-05	0.06297244451611603	49609
CAT	A	G	0	1.1399999999986439e-08	0.00010677078252026789	0.26763337763432693	210680
CAT	A	T	0	2.299999999998947e-09	4.795831523312344e-05	0.0712558439464775	49624
CCA	C	A	0	2.0999999999948245e-09	4.5825756949483165e-05	0.04677758969489286	314873
CCA	C	G	0	1.7799999999987458e-09	4.2190046219330705e-05	0.057894452615495064	314797
CCA	C	T	0	6.669999999985907e-09	8.167006795644876e-05	0.19571773308957952	341875
CCC	C	A	0	2.980000000009003e-09	5.458937625598174e-05	0.07835839089800894	184575
CCC	C	G	0	3.200000000004913e-09	5.656854249503006e-05	0.09714898851683457	184531
CCC	C	T	0	8.570000000013835e-09	9.257429448802275e-05	0.24535892924220556	202324
CCG	C	A	0	5.139999999982748e-09	7.169379331582539e-05	0.13098045873172742	164933
CCG	C	G	0	5.6999999999939125e-09	7.549834435260794e-05	0.19467841187547769	126917
CCG	C	T	0	1.8999999999983014e-08	0.00013784048752095204	0.44433363078053645	38102
CCG	C	T	1	3.909999999999797e-08	0.00019773719933285095	0.613528009535161	6712
CCG	C	T	2	5.7299999999997376e-08	0.0002393741840717167	0.693609022556391	3724
CCG	C	T	3	7.370000000000337e-08	0.0002714774392099661	0.7853006681514476	2245
CCG	C	T	4	8.57999999999991e-08	0.00029291637031753174	0.8326558265582655	1476
CCG	C	T	5	9.920000000000064e-08	0.0003149603149604769	0.8854118729866544	2173
CCG	C	T	6	1.1300000000009542e-07	0.00033615472627927356	0.9172767625526027	52041
CCG	C	T	7	1.1999999999999623e-07	0.00034641016151370417	0.9662209100382078	11516
CCG	C	T	8	1.3500000000000818e-07	0.00036742346141748915	0.9675360710321864	3604
CCG	C	T	9	1.5200000000000017e-07	0.00038987177379235297	0.9725638599810785	1057
CCG	C	T	10	1.6999999999999853e-07	0.000412310562561767	0.9588744588744589	462
CCG	C	T	11	1.849999999999995e-07	0.0004301162633521297	0.9536679536679536	259
CCG	C	T	12	1.950000000000005e-07	0.0004415880433163937	0.9578947368421052	190
CCG	C	T	13	2.0600000000000015e-07	0.0004538722287164091	0.9757575757575757	165
CCG	C	T	14	2.0900000000000014e-07	0.0004571651780264987	0.937007874015748	127
CCG	C	T	15	2.0999999999999982e-07	0.00045825756949558383	0.9746835443037974	79
CCT	C	A	0	1.7000000000021657e-09	4.1231056256232846e-05	0.04710426120540891	109523
CCT	C	G	0	2.690000000001835e-09	5.186520991965912e-05	0.10389562929396287	109456
CCT	C	T	0	8.069999999951213e-09	8.983317872631026e-05	0.22355324932048432	404700
CGA	G	A	0	1.7500000000002886e-08	0.00013228756555322223	0.39940627650551314	11790
CGA	G	A	1	3.610000000000061e-08	0.00019000000000000828	0.5679930039352864	2287
CGA	G	A	2	5.0000000000000904e-08	0.00022360679774998174	0.6671597633136095	1352
CGA	G	A	3	6.300000000000086e-08	0.00025099800796021967	0.7454128440366973	872
CGA	G	A	4	7.019999999999952e-08	0.0002649528259898381	0.8228498074454429	779
CGA	G	A	5	8.06999999999978e-08	0.0002840774542268315	0.8796366389099167	1321
CGA	G	A	6	9.220000000007055e-08	0.0003036445290138687	0.9001580278128951	31640
CGA	G	A	7	9.779999999999822e-08	0.00031272991542220763	0.9456962230507375	6169
CGA	G	A	8	1.0900000000000182e-07	0.0003301514803843906	0.949438202247191	1780
CGA	G	A	9	1.2400000000000077e-07	0.00035213633723318237	0.9597989949748744	597
CGA	G	A	10	1.3899999999999988e-07	0.00037282703764614336	0.9433962264150944	265
CGA	G	A	11	1.4900000000000042e-07	0.0003860051813123763	0.9567901234567902	162
CGA	G	A	12	1.580000000000005e-07	0.00039749213828703573	0.9642857142857143	112
CGA	G	A	13	1.63e-07	0.0004037325847637273	0.9629629629629629	54
CGA	G	A	14	1.650000000000001e-07	0.0004062019202317985	0.8863636363636364	44
CGA	G	A	15	1.69e-07	0.0004110960958218893	0.9523809523809523	21
CGA	G	C	0	5.5299999999960044e-09	7.436396977031225e-05	0.16962524654832348	33969
CGA	G	T	0	5.009999999999524e-09	7.078135347674634e-05	0.13739402052655064	67230
CGC	G	A	0	1.379999999999521e-08	0.00011747340124477028	0.34646856158484063	37152
CGC	G	A	1	3.2700000000002536e-08	0.00018083141320025093	0.5260354012716961	5819
CGC	G	A	2	4.8799999999998736e-08	0.00022090722034373762	0.6351310635733655	3319
CGC	G	A	3	6.579999999999803e-08	0.0002565151067676084	0.7436040044493882	1798
CGC	G	A	4	7.919999999999853e-08	0.00028142494558940984	0.8432908912830558	1021
CGC	G	A	5	9.380000000000171e-08	0.00030626785662226134	0.8642533936651584	1326
CGC	G	A	6	1.100000000000983e-07	0.00033166247903563325	0.9003880983182406	33239
CGC	G	A	7	1.1599999999999036e-07	0.00034058772731849726	0.9560298577093539	8574
CGC	G	A	8	1.2900000000000837e-07	0.00035916569992134386	0.9587663426081127	2983
CGC	G	A	9	1.4799999999999931e-07	0.00038470768123342793	0.9603854389721628	934
CGC	G	A	10	1.650000000000005e-07	0.00040620192023180034	0.9471153846153846	416
CGC	G	A	11	1.8099999999999912e-07	0.00042544094772365164	0.9737827715355806	267
CGC	G	A	12	1.9399999999999933e-07	0.00044045431091090564	0.98125	160
CGC	G	A	13	2.0600000000000036e-07	0.0004538722287164081	0.9424460431654677	139
CGC	G	A	14	2.0999999999999982e-07	0.000458257569495584	0.9882352941176471	85
CGC	G	A	15	2.0999999999999987e-07	0.00045825756949558383	1.0	44
CGC	G	C	0	3.920000000002828e-09	6.260990336997026e-05	0.11302590287750651	75204
CGC	G	T	0	8.549999999990008e-09	9.246621004453123e-05	0.18815721919032496	105178
CGG	G	A	0	1.8999999999982885e-08	0.0001378404875209523	0.44183398882219005	38648
CGG	G	A	1	3.909999999999796e-08	0.00019773719933285233	0.6041393382888792	6861
CGG	G	A	2	5.729999999999736e-08	0.0002393741840717167	0.6997907949790795	3824
CGG	G	A	3	7.370000000000342e-08	0.0002714774392099661	0.781072830353249	2293
CGG	G	A	4	8.579999999999873e-08	0.0002929163703175318	0.8390243902439024	1435
CGG	G	A	5	9.920000000000064e-08	0.0003149603149604769	0.8791666666666667	2160
CGG	G	A	6	1.1300000000009763e-07	0.000336154726279284	0.9182121414276184	52465
CGG	G	A	7	1.199999999999963e-07	0.00034641016151370433	0.9623445517001479	11499
CGG	G	A	8	1.3500000000000813e-07	0.0003674234614174891	0.9580754079909961	3554
CGG	G	A	9	1.519999999999996e-07	0.00038987177379235324	0.9522357723577236	984
CGG	G	A	10	1.6999999999999824e-07	0.00041231056256176745	0.9612244897959183	490
CGG	G	A	11	1.8499999999999945e-07	0.0004301162633521294	0.9681978798586572	283
CGG	G	A	12	1.9500000000000052e-07	0.000441588043316394	0.9704433497536946	203
CGG	G	A	13	2.0600000000000015e-07	0.00045387222871640917	0.9457831325301205	166
CGG	G	A	14	2.0900000000000016e-07	0.0004571651780264987	0.9777777777777777	135
CGG	G	A	15	2.0999999999999982e-07	0.00045825756949558383	0.9230769230769231	78
CGG	G	C	0	5.699999999993894e-09	7.549834435261363e-05	0.19397025680217733	128231
CGG	G	T	0	5.1399999999827475e-09	7.16937933158254e-05	0.13203669235293047	164939
CGT	G	A	0	2.1500000000008435e-08	0.0001466287829861141	0.4286342229199372	15925
CGT	G	A	1	5.189999999999876e-08	0.00022781571499788837	0.6322498406628426	3138
CGT	G	A	2	7.189999999999918e-08	0.000268141753555831	0.744139650872818	2005
CGT	G	A	3	8.969999999999986e-08	0.0002994995826374326	0.8025843503230438	1393
CGT	G	A	4	1.0100000000000151e-07	0.0003178049716414114	0.9003795066413662	1054
CGT	G	A	5	1.1499999999999645e-07	0.00033911649915626557	0.9210110584518167	1899
CGT	G	A	6	1.3099999999989544e-07	0.00036193922141694324	0.9341261425036611	39606
CGT	G	A	7	1.380000000000041e-07	0.0003714835124201819	0.9664468864468865	6825
CGT	G	A	8	1.559999999999975e-07	0.0003949683531626295	0.9637551990493167	1683
CGT	G	A	9	1.8300000000000022e-07	0.00042778499272414796	0.9453125	384
CGT	G	A	10	2.020000000000003e-07	0.0004494441010848839	0.9631578947368421	190
CGT	G	A	11	2.170000000000005e-07	0.0004658325879540857	0.9508196721311475	122
CGT	G	A	12	2.290000000000004e-07	0.00047853944456021524	0.9565217391304348	92
CGT	G	A	13	2.360000000000002e-07	0.00048579831205964463	0.9148936170212766	47
CGT	G	A	14	2.3899999999999996e-07	0.0004888762624632131	0.9166666666666666	36
CGT	G	A	15	2.4399999999999996e-07	0.0004939635614091387	1.0	9
CGT	G	C	0	4.900000000000467e-09	7.000000000001044e-05	0.1467580504786771	18384
CGT	G	T	0	6.579999999999545e-09	8.111719916263848e-05	0.1633083487459035	30819
CTA	T	A	0	1.0400000000015025e-09	3.2249030993192234e-05	0.031998185725547794	92599
CTA	T	C	0	5.129999999995593e-09	7.162401831799746e-05	0.1623050921382619	91710
CTA	T	G	0	1.0999999999984217e-09	3.3166247903592e-05	0.034045834146160206	107649
CTC	T	A	0	1.1500000000024614e-09	3.3911649915706655e-05	0.0362891046386192	139050
CTC	T	C	0	3.160000000000974e-09	5.621387729008977e-05	0.106004064289673	162390
CTC	T	G	0	1.269999999995754e-09	3.5637059362369706e-05	0.043505751589035926	180298
CTG	T	A	0	1.1399999999985047e-09	3.3763886032090066e-05	0.0353644803209963	317013
CTG	T	C	0	5.300000000022031e-09	7.280109889251997e-05	0.16597574714244123	316004
CTG	T	G	0	1.6299999999941865e-09	4.037325847646958e-05	0.05459998843220584	363077
CTT	T	A	0	9.259999999997488e-10	3.0430248109381112e-05	0.029807447079826573	62736
CTT	T	C	0	3.8899999999826925e-09	6.236986451783164e-05	0.12917327010166266	247977
CTT	T	G	0	1.5199999999984665e-09	3.898717737928252e-05	0.05272351575314743	93886
GAA	A	C	0	1.2000000000015656e-09	3.4641016151415176e-05	0.0397665133806807	75893
GAA	A	G	0	2.98999999999374e-09	5.468089245775954e-05	0.08088362192947132	139064
GAA	A	T	0	9.269999999993575e-10	3.044667469523555e-05	0.030142296118733106	98035
GAC	A	C	0	1.059999999999649e-09	3.255764119220346e-05	0.03993909580698056	42690
GAC	A	G	0	4.219999999997349e-09	6.496152707573269e-05	0.11892535070140281	79840
GAC	A	T	0	1.8400000000014811e-09	4.289522117906158e-05	0.04932199817325933	42699
GAG	A	C	0	1.2699999999957664e-09	3.563705936237116e-05	0.0441977225383812	179059
GAG	A	G	0	3.1600000000015256e-09	5.621387729009145e-05	0.10788671023965142	160650
GAG	A	T	0	1.1500000000023398e-09	3.391164991570638e-05	0.03633545344724701	137414
GAT	A	C	0	1.07999999999984e-09	3.286335345031596e-05	0.0362086644450141	15604
GAT	A	G	0	5.290000000003482e-09	7.273238618394246e-05	0.13064696813407425	90159
GAT	A	T	0	2.8899999999993417e-09	5.375872022284846e-05	0.0872379975642587	15601
GCA	C	A	0	3.2599999999942572e-09	5.7096409694433323e-05	0.07365916331266306	152554
GCA	C	G	0	1.6600000000017543e-09	4.074309757486134e-05	0.053670335144630675	152561
GCA	C	T	0	6.849999999967211e-09	8.276472678618939e-05	0.1981035410986263	230324
GCC	C	A	0	3.7300000000025925e-09	6.107372593849629e-05	0.09774931344433072	98681
GCC	C	G	0	2.2700000000037432e-09	4.7644516998328595e-05	0.06073071389491175	98698
GCC	C	T	0	8.629999999994127e-09	9.289779329976936e-05	0.23314601844480215	172081
GCG	C	A	0	8.549999999990031e-09	9.246621004452221e-05	0.18802677840389154	103815
GCG	C	G	0	3.9200000000028196e-09	6.260990336996353e-05	0.1111443733841339	73490
GCG	C	T	0	1.379999999999473e-08	0.00011747340124477005	0.3543818636511906	36788
GCG	C	T	1	3.2700000000002556e-08	0.0001808314132002512	0.5376307217555288	5833
GCG	C	T	2	4.879999999999874e-08	0.00022090722034373762	0.6378737541528239	3311
GCG	C	T	3	6.579999999999818e-08	0.0002565151067676084	0.7502923976608187	1710
GCG	C	T	4	7.919999999999862e-08	0.0002814249455894094	0.823093220338983	944
GCG	C	T	5	9.380000000000163e-08	0.00030626785662226334	0.8351555929352397	1189
GCG	C	T	6	1.1000000000009801e-07	0.00033166247903563195	0.9036675111593678	33156
GCG	C	T	7	1.1599999999998956e-07	0.00034058772731849823	0.9540378511813801	8507
GCG	C	T	8	1.29000000000008e-07	0.00035916569992134397	0.9558370421088668	2921
GCG	C	T	9	1.4799999999999931e-07	0.00038470768123342793	0.9678111587982833	932
GCG	C	T	10	1.650000000000004e-07	0.0004062019202318004	0.9551886792452831	424
GCG	C	T	11	1.8099999999999936e-07	0.00042544094772365196	0.9663865546218487	238
GCG	C	T	12	1.9399999999999933e-07	0.0004404543109109057	0.9746835443037974	158
GCG	C	T	13	2.060000000000002e-07	0.00045387222871640803	1.0	112
GCG	C	T	14	2.0999999999999982e-07	0.0004582575694955839	0.9753086419753086	81
GCG	C	T	15	2.099999999999999e-07	0.00045825756949558394	1.0	41
GCT	C	A	0	1.980000000001857e-09	4.449719092258689e-05	0.05105157901676813	45503
GCT	C	G	0	2.2799999999978535e-09	4.774934554527081e-05	0.06914835104393549	45453
GCT	C	T	0	7.709999999985714e-09	8.780660567372404e-05	0.20358198893842594	326355
GGA	G	A	0	7.640000000028386e-09	8.740709353327426e-05	0.22311913866634342	181486
GGA	G	C	0	2.5000000000051885e-09	4.999999999995578e-05	0.09137529137529138	92235
GGA	G	T	0	2.5600000000006095e-09	5.059644256276157e-05	0.08131566925536775	124773
GGC	G	A	0	8.629999999994127e-09	9.28977932997697e-05	0.23324368630150571	171413
GGC	G	C	0	2.2700000000037556e-09	4.764451699832863e-05	0.06063455471972822	98904
GGC	G	T	0	3.730000000002594e-09	6.107372593849689e-05	0.09951360588931248	98891
GGG	G	A	0	8.570000000013822e-09	9.257429448802313e-05	0.2458736284750679	201327
GGG	G	C	0	3.2000000000048933e-09	5.6568542495024825e-05	0.09817232947303352	182801
GGG	G	T	0	2.980000000008912e-09	5.458937625597516e-05	0.07789771857295973	182868
GGT	G	A	0	9.860000000008122e-09	9.929753269816105e-05	0.2657599263273474	141165
GGT	G	C	0	2.419999999999894e-09	4.919349550499918e-05	0.07722432153899003	14555
GGT	G	T	0	5.620000000000121e-09	7.49666592559772e-05	0.15371923552866767	14546
GTA	T	A	0	1.1399999999990138e-09	3.376388603229347e-05	0.03667279173891664	38639
GTA	T	C	0	6.130000000005346e-09	7.829431652428132e-05	0.1751930501930502	64232
GTA	T	G	0	1.0400000000001482e-09	3.2249030993192275e-05	0.03615175449954681	38615
GTC	T	A	0	1.840000000001478e-09	4.289522117906158e-05	0.04822495606326889	42675
GTC	T	C	0	4.2199999999973455e-09	6.496152707573339e-05	0.11696812665038493	80663
GTC	T	G	0	1.059999999999649e-09	3.255764119220349e-05	0.03731133402081185	42668
GTG	T	A	0	1.4100000000017082e-09	3.754996671109971e-05	0.04063199105145414	107280
GTG	T	C	0	5.189999999992603e-09	7.204165461707638e-05	0.15050261429854056	170409
GTG	T	G	0	1.8999999999978663e-09	4.3588989435392284e-05	0.05828521320559344	107197
GTT	T	A	0	1.339999999999916e-09	3.660601043543691e-05	0.030897167196268	14791
GTT	T	C	0	5.2600000000081995e-09	7.252585745812746e-05	0.16137647821656836	129548
GTT	T	G	0	1.4200000000000977e-09	3.768288736283321e-05	0.030758807588075882	14760
TAA	A	C	0	1.3399999999991324e-09	3.6606010435470056e-05	0.040359650452088704	59391
TAA	A	G	0	4.080000000001469e-09	6.387487769081238e-05	0.13201952707210404	94433
TAA	A	T	0	1.7900000000024863e-09	4.230839160258154e-05	0.030669820420999774	75677
TAC	A	C	0	1.0400000000001542e-09	3.2249030993192275e-05	0.03769320690998831	38495
TAC	A	G	0	6.13000000000533e-09	7.829431652428129e-05	0.17748220014083405	63905
TAC	A	T	0	1.1399999999990154e-09	3.376388603229322e-05	0.03657460284497975	38524
TAG	A	C	0	1.0999999999984438e-09	3.3166247903591813e-05	0.03457768040223589	106803
TAG	A	G	0	5.129999999995636e-09	7.162401831799643e-05	0.16176209891863144	90256
TAG	A	T	0	1.04000000000146e-09	3.2249030993192234e-05	0.03221328319706178	91484
TAT	A	C	0	1.2099999999999458e-09	3.4785054261838424e-05	0.03990855325282044	20121
TAT	A	G	0	1.1299999999976841e-08	0.00010630145812735269	0.24779493784427145	86959
TAT	A	T	0	1.850000000000505e-09	4.301162633521899e-05	0.04839751552795031	20125
TCA	C	A	0	2.020000000004755e-09	4.4944410108324e-05	0.046337549357038786	189436
TCA	C	G	0	2.1200000000012244e-09	4.60434577327874e-05	0.0701483230736574	150752
TCA	C	T	0	5.740000000030421e-09	7.5762787699767e-05	0.18242491657397109	242730
TCC	C	A	0	2.560000000000579e-09	5.059644256276154e-05	0.08239649246779944	124532
TCC	C	G	0	2.5000000000051526e-09	4.9999999999956146e-05	0.09569784674396303	91768
TCC	C	T	0	7.640000000028408e-09	8.740709353327376e-05	0.22222099915792023	181693
TCG	C	A	0	5.0099999999995275e-09	7.078135347674627e-05	0.13452154248988335	67216
TCG	C	G	0	5.529999999996051e-09	7.436396977030924e-05	0.1682403175366851	33256
TCG	C	T	0	1.7500000000002933e-08	0.00013228756555322069	0.4120313143798929	12135
TCG	C	T	1	3.6100000000000674e-08	0.00019000000000000855	0.5695876288659794	2328
TCG	C	T	2	5.000000000000092e-08	0.00022360679774998106	0.6704545454545454	1408
TCG	C	T	3	6.300000000000095e-08	0.0002509980079602196	0.7451403887688985	926
TCG	C	T	4	7.01999999999995e-08	0.0002649528259898382	0.8063291139240506	790
TCG	C	T	5	8.069999999999787e-08	0.0002840774542268317	0.8776923076923077	1300
TCG	C	T	6	9.22000000000709e-08	0.0003036445290138687	0.9039601462983983	31716
TCG	C	T	7	9.779999999999811e-08	0.0003127299154222076	0.9455045278137129	6184
TCG	C	T	8	1.090000000000017e-07	0.00033015148038439046	0.9617142857142857	1750
TCG	C	T	9	1.2400000000000074e-07	0.00035213633723318204	0.9504424778761061	565
TCG	C	T	10	1.3899999999999988e-07	0.00037282703764614336	0.9429657794676806	263
TCG	C	T	11	1.4900000000000024e-07	0.0003860051813123762	0.9562043795620438	137
TCG	C	T	12	1.5800000000000044e-07	0.00039749213828703606	0.9690721649484536	97
TCG	C	T	13	1.63e-07	0.0004037325847637273	0.9310344827586207	58
TCG	C	T	14	1.650000000000001e-07	0.00040620192023179845	0.975	40
TCG	C	T	15	1.69e-07	0.0004110960958218892	1.0	12
TCT	C	A	0	2.63000000000105e-09	5.1283525619871036e-05	0.05706238557949585	71010
TCT	C	G	0	3.5600000000027658e-09	5.966573556070984e-05	0.14759674003722004	46749
TCT	C	T	0	5.5300000000172704e-09	7.436396976986045e-05	0.1694177925722864	306420
TGA	G	A	0	5.74000000003043e-09	7.576278769976643e-05	0.18238905657424984	242849
TGA	G	C	0	2.1200000000012124e-09	4.604345773278736e-05	0.07067105018956969	150868
TGA	G	T	0	2.020000000004756e-09	4.4944410108323964e-05	0.04762608145178308	189560
TGC	G	A	0	6.849999999967314e-09	8.276472678618062e-05	0.19869806457250208	228890
TGC	G	C	0	1.6600000000017078e-09	4.074309757486131e-05	0.05470313542361575	152898
TGC	G	T	0	3.2599999999942336e-09	5.70964096944333e-05	0.07532029272695168	152907
TGG	G	A	0	6.669999999986737e-09	8.167006795644875e-05	0.1960809087543413	340334
TGG	G	C	0	1.7799999999984276e-09	4.21900462193309e-05	0.05748656257998464	312560
TGG	G	T	0	2.0999999999950996e-09	4.582575694948586e-05	0.047416895668113725	312589
TGT	G	A	0	9.249999999957857e-09	9.617692030863435e-05	0.25184485800183865	201235
TGT	G	C	0	2.38000000000116e-09	4.8785243670582086e-05	0.08922153242934161	48968
TGT	G	T	0	2.9000000000015033e-09	5.3851648071350284e-05	0.06959751816474814	48996
TTA	T	A	0	1.7900000000024857e-09	4.230839160258155e-05	0.031453692073775366	75635
TTA	T	C	0	4.080000000001518e-09	6.387487769081349e-05	0.13079300777499975	94791
TTA	T	G	0	1.339999999999132e-09	3.660601043546986e-05	0.04096389594228732	59467
TTC	T	A	0	9.269999999993549e-10	3.0446674695235526e-05	0.02906040405275926	98106
TTC	T	C	0	2.989999999993703e-09	5.468089245775896e-05	0.08137808350847495	139411
TTC	T	G	0	1.2000000000015685e-09	3.464101615141563e-05	0.03875266104234014	76098
TTG	T	A	0	8.940000000027076e-10	2.9899832775408853e-05	0.028476965990631358	150929
TTG	T	C	0	3.859999999998418e-09	6.212889826787875e-05	0.12103993069878723	193936
TTG	T	G	0	1.930000000005681e-09	4.3931765272993646e-05	0.056996692848284417	116112
TTT	T	A	0	1.0399999999999387e-09	3.224903099319227e-05	0.02660078047428822	43307
TTT	T	C	0	3.0100000000052577e-09	5.4863466897248734e-05	0.09776549946797607	204878
TTT	T	G	0	1.7999999999991854e-09	4.242640687121937e-05	0.04884622484770168	27085
