tri	ref	alt	variant_type	lvl	mu	n_singletons	n_obs	ps
AAA	A	C	transversion	0	1.8e-09	702	1277	0.5497259201252936
AAA	A	G	non-CpG transition	0	3.01e-09	10339	20503	0.504267668146125
AAA	A	T	transversion	0	1.04e-09	606	1131	0.5358090185676393
AAC	A	C	transversion	0	1.42e-09	287	498	0.5763052208835341
AAC	A	G	non-CpG transition	0	5.26e-09	9967	21239	0.4692782146052074
AAC	A	T	transversion	0	1.34e-09	263	467	0.563169164882227
AAG	A	C	transversion	0	1.52e-09	2630	4846	0.5427156417664053
AAG	A	G	non-CpG transition	0	3.89e-09	16350	32514	0.5028603063295811
AAG	A	T	transversion	0	9.26e-10	1029	1825	0.5638356164383561
AAT	A	G	non-CpG transition	0	7.81e-09	11429	26685	0.42829304852913624
ACA	C	A	transversion	0	2.9000000000000003e-09	1813	3327	0.5449353772167117
ACA	C	G	transversion	0	2.38e-09	2318	4421	0.5243157656638769
ACA	C	T	non-CpG transition	0	9.25e-09	24149	50946	0.4740116986613277
ACC	C	A	transversion	0	5.62e-09	1147	2341	0.4899615548910722
ACC	C	G	transversion	0	2.42e-09	594	1102	0.5390199637023594
ACC	C	T	non-CpG transition	0	9.86e-09	17968	38323	0.46885682227383035
ACG	C	A	transversion	0	6.58e-09	2495	4975	0.5015075376884423
ACG	C	G	transversion	0	4.9e-09	1322	2774	0.47656813266041814
ACG	C	T	CpG	0	2.15e-08	2930	7479	0.39176360475999467
ACG	C	T	CpG	1	5.19e-08	612	2129	0.28745890089243775
ACG	C	T	CpG	2	7.19e-08	318	1543	0.20609202851587816
ACG	C	T	CpG	3	8.97e-08	163	1083	0.1505078485687904
ACG	C	T	CpG	4	1.01e-07	90	1004	0.08964143426294821
ACG	C	T	CpG	5	1.15e-07	102	1835	0.0555858310626703
ACG	C	T	CpG	6	1.31e-07	1508	39367	0.03830619554449158
ACG	C	T	CpG	7	1.38e-07	252	7001	0.03599485787744608
ACG	C	T	CpG	8	1.56e-07	42	1605	0.026168224299065422
ACG	C	T	CpG	9	1.8300000000000004e-07	3	386	0.007772020725388601
ACG	C	T	CpG	10	2.02e-07	2	187	0.0106951871657754
ACG	C	T	CpG	11	2.17e-07	1	101	0.009900990099009901
ACG	C	T	CpG	12	2.29e-07	0	66	0.0
ACG	C	T	CpG	13	2.3599999999999997e-07	0	46	0.0
ACG	C	T	CpG	14	2.39e-07	0	12	0.0
ACG	C	T	CpG	15	2.44e-07	0	5	0.0
ACT	C	T	non-CpG transition	0	7.88e-09	21892	45034	0.4861215970155882
AGA	G	A	non-CpG transition	0	5.53e-09	26390	52257	0.5050041142813403
AGA	G	C	transversion	0	3.5600000000000005e-09	3534	7038	0.5021312872975278
AGA	G	T	transversion	0	2.63e-09	2147	3929	0.5464494782387376
AGC	G	A	non-CpG transition	0	7.71e-09	33058	67016	0.4932851856273129
AGC	G	C	transversion	0	2.28e-09	1672	3062	0.5460483344219464
AGC	G	T	transversion	0	1.98e-09	1363	2452	0.5558727569331158
AGG	G	A	non-CpG transition	0	8.07e-09	44209	91107	0.48524262680145325
AGG	G	C	transversion	0	2.69e-09	5791	10971	0.5278461398231702
AGG	G	T	transversion	0	1.7e-09	2728	5049	0.5403050108932462
AGT	G	A	non-CpG transition	0	7.88e-09	21805	44891	0.4857321066583502
ATA	T	A	transversion	0	1.85e-09	535	986	0.5425963488843814
ATA	T	C	non-CpG transition	0	1.13e-08	9373	21862	0.4287347909614857
ATA	T	G	transversion	0	1.21e-09	416	796	0.5226130653266332
ATC	T	A	transversion	0	2.89e-09	781	1464	0.5334699453551912
ATC	T	C	non-CpG transition	0	5.29e-09	5944	11965	0.4967822816548266
ATC	T	G	transversion	0	1.08e-09	352	612	0.5751633986928104
ATG	T	A	transversion	0	2.3e-09	1953	3559	0.5487496487777466
ATG	T	C	non-CpG transition	0	1.14e-08	24802	56396	0.4397829633307327
ATG	T	G	transversion	0	1.98e-09	1696	3167	0.5355225765708873
ATT	T	C	non-CpG transition	0	7.81e-09	11423	26857	0.42532673046133224
CAA	A	C	transversion	0	1.93e-09	3596	6711	0.5358366860378483
CAA	A	G	non-CpG transition	0	3.86e-09	12482	24507	0.5093238666503448
CAA	A	T	transversion	0	8.94e-10	2488	4438	0.5606128886885985
CAC	A	C	transversion	0	1.9e-09	3575	6592	0.5423240291262136
CAC	A	G	non-CpG transition	0	5.19e-09	13432	27443	0.48945086178624786
CAC	A	T	transversion	0	1.41e-09	2494	4439	0.5618382518585266
CAG	A	C	transversion	0	1.6300000000000002e-09	10895	20045	0.543527064105762
CAG	A	G	non-CpG transition	0	5.3e-09	26826	54292	0.4941059456273484
CAG	A	T	transversion	0	1.14e-09	6448	11547	0.5584134407205334
CAT	A	C	transversion	0	1.98e-09	1717	3177	0.5404469625432798
CAT	A	G	non-CpG transition	0	1.14e-08	25065	57636	0.4348844472204872
CAT	A	T	transversion	0	2.3e-09	1948	3574	0.5450475657526581
CCA	C	A	transversion	0	2.1e-09	7931	14885	0.5328182734296272
CCA	C	G	transversion	0	1.78e-09	9866	18456	0.5345687039445167
CCA	C	T	non-CpG transition	0	6.67e-09	33626	67653	0.49703634724254653
CCC	C	A	transversion	0	2.98e-09	7687	14623	0.525678725295767
CCC	C	G	transversion	0	3.2e-09	9499	18131	0.5239093265677569
CCC	C	T	non-CpG transition	0	8.57e-09	23934	50348	0.4753714149519345
CCG	C	A	transversion	0	5.14e-09	11139	21902	0.5085836909871244
CCG	C	G	transversion	0	5.7e-09	11746	25096	0.4680427159706726
CCG	C	T	CpG	0	1.9e-08	6836	17255	0.3961750217328311
CCG	C	T	CpG	1	3.91e-08	1230	4245	0.28975265017667845
CCG	C	T	CpG	2	5.729999999999999e-08	608	2685	0.22644320297951584
CCG	C	T	CpG	3	7.37e-08	330	1845	0.17886178861788618
CCG	C	T	CpG	4	8.58e-08	146	1316	0.11094224924012158
CCG	C	T	CpG	5	9.92e-08	151	2048	0.07373046875
CCG	C	T	CpG	6	1.13e-07	2226	49635	0.044847385917195524
CCG	C	T	CpG	7	1.2e-07	480	11539	0.04159805875725799
CCG	C	T	CpG	8	1.35e-07	112	3617	0.03096488802875311
CCG	C	T	CpG	9	1.52e-07	30	1074	0.027932960893854747
CCG	C	T	CpG	10	1.7e-07	10	458	0.021834061135371178
CCG	C	T	CpG	11	1.85e-07	3	257	0.011673151750972763
CCG	C	T	CpG	12	1.95e-07	0	194	0.0
CCG	C	T	CpG	13	2.06e-07	0	171	0.0
CCG	C	T	CpG	14	2.09e-07	0	126	0.0
CCG	C	T	CpG	15	2.1e-07	0	84	0.0
CCT	C	A	transversion	0	1.7000000000000001e-09	2868	5221	0.5493200536295729
CCT	C	G	transversion	0	2.69e-09	6045	11492	0.5260180995475113
CCT	C	T	non-CpG transition	0	8.07e-09	44528	91671	0.4857370378854818
CGA	G	A	CpG	0	1.75e-08	1951	4805	0.4060353798126951
CGA	G	A	CpG	1	3.61e-08	443	1338	0.3310911808669656
CGA	G	A	CpG	2	5e-08	244	929	0.26264800861141013
CGA	G	A	CpG	3	6.3e-08	146	677	0.21565731166912852
CGA	G	A	CpG	4	7.02e-08	91	676	0.1346153846153846
CGA	G	A	CpG	5	8.07e-08	126	1219	0.10336341263330599
CGA	G	A	CpG	6	9.22e-08	2229	29388	0.07584728460596162
CGA	G	A	CpG	7	9.78e-08	445	6011	0.07403094327067043
CGA	G	A	CpG	8	1.09e-07	102	1759	0.057987492893689596
CGA	G	A	CpG	9	1.24e-07	29	603	0.04809286898839138
CGA	G	A	CpG	10	1.39e-07	9	263	0.034220532319391636
CGA	G	A	CpG	11	1.49e-07	8	160	0.05
CGA	G	A	CpG	12	1.58e-07	3	115	0.02608695652173913
CGA	G	A	CpG	13	1.63e-07	0	54	0.0
CGA	G	A	CpG	14	1.65e-07	2	41	0.04878048780487805
CGA	G	A	CpG	15	1.69e-07	0	21	0.0
CGA	G	C	transversion	0	5.53e-09	2827	5866	0.48192976474599386
CGA	G	T	transversion	0	5.01e-09	4801	9335	0.5143010176754151
CGC	G	A	CpG	0	1.38e-08	5669	13052	0.43433956481765246
CGC	G	A	CpG	1	3.27e-08	1063	3136	0.33896683673469385
CGC	G	A	CpG	2	4.88e-08	629	2171	0.28972823583602025
CGC	G	A	CpG	3	6.58e-08	309	1382	0.223589001447178
CGC	G	A	CpG	4	7.92e-08	144	905	0.1591160220994475
CGC	G	A	CpG	5	9.38e-08	110	1202	0.09151414309484193
CGC	G	A	CpG	6	1.1e-07	1797	31076	0.05782597502896126
CGC	G	A	CpG	7	1.16e-07	483	8481	0.05695083126989742
CGC	G	A	CpG	8	1.29e-07	112	2978	0.03760913364674278
CGC	G	A	CpG	9	1.48e-07	31	947	0.03273495248152059
CGC	G	A	CpG	10	1.6499999999999998e-07	13	415	0.03132530120481928
CGC	G	A	CpG	11	1.81e-07	3	276	0.010869565217391304
CGC	G	A	CpG	12	1.9400000000000002e-07	1	164	0.006097560975609756
CGC	G	A	CpG	13	2.06e-07	1	136	0.007352941176470588
CGC	G	A	CpG	14	2.1e-07	1	88	0.011363636363636364
CGC	G	A	CpG	15	2.1e-07	0	48	0.0
CGC	G	C	transversion	0	3.92e-09	4567	8638	0.5287103496179671
CGC	G	T	transversion	0	8.55e-09	9456	20027	0.472162580516303
CGG	G	A	CpG	0	1.9e-08	6722	17415	0.38598908986505887
CGG	G	A	CpG	1	3.91e-08	1296	4280	0.30280373831775703
CGG	G	A	CpG	2	5.73e-08	671	2768	0.24241329479768786
CGG	G	A	CpG	3	7.37e-08	357	1870	0.19090909090909092
CGG	G	A	CpG	4	8.58e-08	141	1279	0.11024237685691947
CGG	G	A	CpG	5	9.92e-08	153	2004	0.07634730538922156
CGG	G	A	CpG	6	1.13e-07	2259	50182	0.04501614124586505
CGG	G	A	CpG	7	1.2e-07	450	11501	0.03912703243196244
CGG	G	A	CpG	8	1.35e-07	119	3538	0.033634821933295644
CGG	G	A	CpG	9	1.52e-07	28	993	0.028197381671701913
CGG	G	A	CpG	10	1.7e-07	10	505	0.019801980198019802
CGG	G	A	CpG	11	1.85e-07	6	281	0.021352313167259787
CGG	G	A	CpG	12	1.9499999999999999e-07	4	210	0.01904761904761905
CGG	G	A	CpG	13	2.06e-07	2	171	0.011695906432748537
CGG	G	A	CpG	14	2.09e-07	0	140	0.0
CGG	G	A	CpG	15	2.1e-07	0	76	0.0
CGG	G	C	transversion	0	5.7e-09	11757	25225	0.4660852329038652
CGG	G	T	transversion	0	5.14e-09	11285	22069	0.511350763514432
CGT	G	A	CpG	0	2.15e-08	2774	6999	0.3963423346192313
CGT	G	A	CpG	1	5.19e-08	564	2061	0.27365356622998543
CGT	G	A	CpG	2	7.19e-08	337	1562	0.21574903969270168
CGT	G	A	CpG	3	8.97e-08	206	1187	0.17354675652906487
CGT	G	A	CpG	4	1.01e-07	85	1027	0.0827653359298929
CGT	G	A	CpG	5	1.15e-07	115	1860	0.06182795698924731
CGT	G	A	CpG	6	1.31e-07	1449	38786	0.037358840818852164
CGT	G	A	CpG	7	1.38e-07	218	6870	0.03173216885007278
CGT	G	A	CpG	8	1.5599999999999997e-07	47	1711	0.027469316189362946
CGT	G	A	CpG	9	1.83e-07	3	379	0.0079155672823219
CGT	G	A	CpG	10	2.02e-07	3	196	0.015306122448979591
CGT	G	A	CpG	11	2.17e-07	0	124	0.0
CGT	G	A	CpG	12	2.29e-07	0	95	0.0
CGT	G	A	CpG	13	2.36e-07	0	51	0.0
CGT	G	A	CpG	14	2.39e-07	0	35	0.0
CGT	G	A	CpG	15	2.44e-07	0	9	0.0
CGT	G	C	transversion	0	4.9e-09	1368	2753	0.49691245913548854
CGT	G	T	transversion	0	6.58e-09	2569	5085	0.5052114060963618
CTA	T	A	transversion	0	1.04e-09	1676	3015	0.5558872305140962
CTA	T	C	non-CpG transition	0	5.13e-09	7561	15181	0.49805678150319477
CTA	T	G	transversion	0	1.1e-09	2031	3721	0.5458210158559527
CTC	T	A	transversion	0	1.15e-09	2888	5099	0.5663855657972151
CTC	T	C	non-CpG transition	0	3.16e-09	9351	17488	0.5347095150960659
CTC	T	G	transversion	0	1.27e-09	4308	7983	0.5396467493423525
CTG	T	A	transversion	0	1.14e-09	6421	11350	0.565726872246696
CTG	T	C	non-CpG transition	0	5.3e-09	26570	53666	0.49509931800395035
CTG	T	G	transversion	0	1.63e-09	10935	20093	0.5442193798835415
CTT	T	A	transversion	0	9.26e-10	1092	1889	0.5780836421386977
CTT	T	C	non-CpG transition	0	3.89e-09	16449	32564	0.5051283626090161
CTT	T	G	transversion	0	1.52e-09	2706	5007	0.5404433792690234
GAA	A	C	transversion	0	1.2e-09	1642	3067	0.5353765895011412
GAA	A	G	non-CpG transition	0	2.99e-09	5955	11469	0.5192257389484698
GAA	A	T	transversion	0	9.27e-10	1698	2982	0.5694164989939637
GAC	A	C	transversion	0	1.06e-09	961	1729	0.5558126084441873
GAC	A	G	non-CpG transition	0	4.22e-09	5016	9698	0.5172200453701794
GAC	A	T	transversion	0	1.8400000000000003e-09	1145	2131	0.5373064289066166
GAG	A	C	transversion	0	1.27e-09	4354	8041	0.5414749409277453
GAG	A	G	non-CpG transition	0	3.16e-09	9344	17604	0.5307884571688253
GAG	A	T	transversion	0	1.15e-09	2759	5053	0.5460122699386503
GAT	A	C	transversion	0	1.08e-09	329	576	0.5711805555555556
GAT	A	G	non-CpG transition	0	5.29e-09	6084	12004	0.5068310563145618
GAT	A	T	transversion	0	2.8899999999999997e-09	759	1375	0.552
GCA	C	A	transversion	0	3.26e-09	6020	11368	0.5295566502463054
GCA	C	G	transversion	0	1.66e-09	4545	8289	0.5483170466883822
GCA	C	T	non-CpG transition	0	6.85e-09	22821	46178	0.4941963705660704
GCC	C	A	transversion	0	3.73e-09	5180	9746	0.5315001026061974
GCC	C	G	transversion	0	2.27e-09	3357	6054	0.5545094152626363
GCC	C	T	non-CpG transition	0	8.63e-09	19408	40632	0.47765308131521955
GCG	C	A	transversion	0	8.55e-09	9432	19760	0.4773279352226721
GCG	C	G	transversion	0	3.92e-09	4380	8302	0.5275837147675259
GCG	C	T	CpG	0	1.38e-08	5784	13228	0.43725430904142726
GCG	C	T	CpG	1	3.27e-08	1078	3201	0.33676975945017185
GCG	C	T	CpG	2	4.88e-08	619	2190	0.28264840182648404
GCG	C	T	CpG	3	6.58e-08	297	1330	0.22330827067669173
GCG	C	T	CpG	4	7.92e-08	96	829	0.1158021712907117
GCG	C	T	CpG	5	9.38e-08	106	1046	0.10133843212237094
GCG	C	T	CpG	6	1.1e-07	1734	31142	0.05568043157151114
GCG	C	T	CpG	7	1.16e-07	474	8397	0.056448731689889245
GCG	C	T	CpG	8	1.29e-07	134	2900	0.046206896551724136
GCG	C	T	CpG	9	1.48e-07	30	947	0.03167898627243928
GCG	C	T	CpG	10	1.6500000000000003e-07	7	422	0.016587677725118485
GCG	C	T	CpG	11	1.81e-07	2	243	0.00823045267489712
GCG	C	T	CpG	12	1.94e-07	0	161	0.0
GCG	C	T	CpG	13	2.06e-07	1	126	0.007936507936507936
GCG	C	T	CpG	14	2.1e-07	2	84	0.023809523809523808
GCG	C	T	CpG	15	2.0999999999999997e-07	0	45	0.0
GCT	C	A	transversion	0	1.98e-09	1264	2351	0.5376435559336452
GCT	C	G	transversion	0	2.28e-09	1749	3177	0.550519357884797
GCT	C	T	non-CpG transition	0	7.71e-09	33241	67282	0.4940548735174341
GGA	G	A	non-CpG transition	0	7.64e-09	19406	41129	0.4718325269274721
GGA	G	C	transversion	0	2.5e-09	4582	8541	0.5364711392108652
GGA	G	T	transversion	0	2.56e-09	5519	10269	0.5374427889765313
GGC	G	A	non-CpG transition	0	8.63e-09	19335	40503	0.477372046515073
GGC	G	C	transversion	0	2.27e-09	3259	6057	0.5380551428099719
GGC	G	T	transversion	0	3.73e-09	5155	9938	0.5187160394445562
GGG	G	A	non-CpG transition	0	8.57e-09	23900	50178	0.4763043564908924
GGG	G	C	transversion	0	3.2e-09	9463	18174	0.520688896225377
GGG	G	T	transversion	0	2.98e-09	7606	14406	0.5279744550881577
GGT	G	A	non-CpG transition	0	9.86e-09	17786	38055	0.46737616607541715
GGT	G	C	transversion	0	2.42e-09	598	1140	0.5245614035087719
GGT	G	T	transversion	0	5.62e-09	1125	2261	0.49756744803184433
GTA	T	A	transversion	0	1.14e-09	772	1433	0.5387299371946964
GTA	T	C	non-CpG transition	0	6.13e-09	5449	11465	0.4752725686873092
GTA	T	G	transversion	0	1.04e-09	786	1426	0.5511921458625526
GTC	T	A	transversion	0	1.84e-09	1149	2086	0.5508149568552253
GTC	T	C	non-CpG transition	0	4.22e-09	5056	9601	0.5266118112696594
GTC	T	G	transversion	0	1.06e-09	933	1619	0.5762816553428042
GTG	T	A	transversion	0	1.41e-09	2411	4415	0.546092865232163
GTG	T	C	non-CpG transition	0	5.19e-09	13158	26344	0.4994685696932888
GTG	T	G	transversion	0	1.9e-09	3472	6354	0.5464274472773056
GTT	T	A	transversion	0	1.34e-09	253	459	0.55119825708061
GTT	T	C	non-CpG transition	0	5.26e-09	9860	21299	0.46293253204375795
GTT	T	G	transversion	0	1.42e-09	279	464	0.6012931034482759
TAA	A	C	transversion	0	1.34e-09	1369	2444	0.5601472995090017
TAA	A	G	non-CpG transition	0	4.08e-09	6411	12677	0.5057190186952749
TAA	A	T	transversion	0	1.79e-09	1349	2334	0.5779777206512425
TAC	A	C	transversion	0	1.04e-09	854	1485	0.5750841750841751
TAC	A	G	non-CpG transition	0	6.13e-09	5400	11565	0.4669260700389105
TAC	A	T	transversion	0	1.14e-09	817	1427	0.5725297827610372
TAG	A	C	transversion	0	1.1e-09	2114	3750	0.5637333333333333
TAG	A	G	non-CpG transition	0	5.130000000000001e-09	7365	14887	0.49472694297037684
TAG	A	T	transversion	0	1.04e-09	1652	2980	0.5543624161073826
TAT	A	C	transversion	0	1.2100000000000002e-09	435	819	0.5311355311355311
TAT	A	G	non-CpG transition	0	1.13e-08	9359	21911	0.42713705444753775
TAT	A	T	transversion	0	1.85e-09	540	986	0.5476673427991886
TCA	C	A	transversion	0	2.02e-09	4863	8854	0.5492432798735035
TCA	C	G	transversion	0	2.12e-09	5779	10715	0.5393373775081661
TCA	C	T	non-CpG transition	0	5.74e-09	22430	44820	0.500446229361892
TCC	C	A	transversion	0	2.56e-09	5566	10358	0.5373624251786059
TCC	C	G	transversion	0	2.5e-09	4748	8891	0.5340231694972444
TCC	C	T	non-CpG transition	0	7.64e-09	19479	41022	0.4748427672955975
TCG	C	A	transversion	0	5.01e-09	4615	9155	0.5040961223375204
TCG	C	G	transversion	0	5.53e-09	2759	5699	0.4841200210563257
TCG	C	T	CpG	0	1.75e-08	2076	5096	0.4073783359497645
TCG	C	T	CpG	1	3.61e-08	457	1368	0.3340643274853801
TCG	C	T	CpG	2	5e-08	251	985	0.2548223350253807
TCG	C	T	CpG	3	6.3e-08	143	728	0.19642857142857142
TCG	C	T	CpG	4	7.02e-08	106	683	0.15519765739385066
TCG	C	T	CpG	5	8.07e-08	137	1196	0.11454849498327759
TCG	C	T	CpG	6	9.22e-08	2253	29561	0.07621528365075607
TCG	C	T	CpG	7	9.78e-08	412	6022	0.06841580870142809
TCG	C	T	CpG	8	1.0899999999999998e-07	98	1735	0.05648414985590778
TCG	C	T	CpG	9	1.24e-07	16	557	0.02872531418312388
TCG	C	T	CpG	10	1.39e-07	6	258	0.023255813953488372
TCG	C	T	CpG	11	1.49e-07	2	139	0.014388489208633094
TCG	C	T	CpG	12	1.58e-07	0	97	0.0
TCG	C	T	CpG	13	1.63e-07	0	57	0.0
TCG	C	T	CpG	14	1.65e-07	1	44	0.022727272727272728
TCG	C	T	CpG	15	1.69e-07	2	12	0.16666666666666666
TCT	C	A	transversion	0	2.63e-09	2203	4092	0.5383675464320625
TCT	C	G	transversion	0	3.56e-09	3468	6992	0.4959954233409611
TCT	C	T	non-CpG transition	0	5.53e-09	26391	52561	0.5021023192100607
TGA	G	A	non-CpG transition	0	5.739999999999999e-09	22369	44790	0.49941951328421524
TGA	G	C	transversion	0	2.12e-09	5762	10800	0.5335185185185185
TGA	G	T	transversion	0	2.02e-09	5103	9124	0.5592941692240245
TGC	G	A	non-CpG transition	0	6.850000000000001e-09	22872	45970	0.4975418751359582
TGC	G	C	transversion	0	1.66e-09	4586	8480	0.5408018867924528
TGC	G	T	transversion	0	3.2599999999999995e-09	6241	11653	0.5355702394233245
TGG	G	A	non-CpG transition	0	6.67e-09	33610	67535	0.4976678759161916
TGG	G	C	transversion	0	1.78e-09	9694	18172	0.5334580673563725
TGG	G	T	transversion	0	2.0999999999999998e-09	8023	14997	0.5349736613989464
TGT	G	A	non-CpG transition	0	9.25e-09	24243	51337	0.4722325028731714
TGT	G	C	transversion	0	2.38e-09	2278	4432	0.5139891696750902
TGT	G	T	transversion	0	2.9e-09	1864	3445	0.5410740203193033
TTA	T	A	transversion	0	1.7900000000000002e-09	1341	2397	0.5594493116395495
TTA	T	C	non-CpG transition	0	4.08e-09	6309	12615	0.5001189060642093
TTA	T	G	transversion	0	1.34e-09	1426	2474	0.5763945028294261
TTC	T	A	transversion	0	9.27e-10	1628	2879	0.5654741229593608
TTC	T	C	non-CpG transition	0	2.99e-09	6094	11553	0.5274820392971522
TTC	T	G	transversion	0	1.2e-09	1596	2989	0.5339578454332553
TTG	T	A	transversion	0	8.939999999999999e-10	2474	4343	0.5696523140686162
TTG	T	C	non-CpG transition	0	3.86e-09	12197	23975	0.5087382690302399
TTG	T	G	transversion	0	1.93e-09	3659	6709	0.5453867938589954
TTT	T	A	transversion	0	1.04e-09	656	1166	0.5626072041166381
TTT	T	C	non-CpG transition	0	3.01e-09	10089	20358	0.49557913351016797
TTT	T	G	transversion	0	1.8e-09	767	1349	0.5685693106004448
