enst	non_distal_n_exp	non_distal_n_obs	non_distal_z	non_distal_p	non_long_exon_n_exp	non_long_exon_n_obs	non_long_exon_z	non_long_exon_p	non_nmd_n_exp	non_nmd_n_obs	non_nmd_z	non_nmd_p	pli	loeuf	constrained_region
ENST00000171111	2.76	1.0	-1.130995107824616	0.1290285752648365	6.33	0.0	-2.705862595342196	0.0034063614102919	12.56	3.0	-2.8593576844877533	0.0021224992163995	0.00038766	0.627	long_exon
ENST00000216268	35.93	13.0	-4.026606487859851	2.8293809008458293e-05	0.0	0.0			0.0	0.0			0.50688	0.405	distal
ENST00000216923	14.35	1.0	-3.733520317192076	9.441097723677254e-05	0.0	0.0			6.43	1.0	-2.2397815987609744	0.0125525525325332	0.00016534	0.758	distal
ENST00000217420	13.95	3.0	-3.128576485468564	0.0008782764394398	0.0	0.0			2.39	0.0	-1.6413526802331069	0.0503621132651547	0.96675	0.317	distal
ENST00000220507	5.98	0.0	-2.590801961719576	0.0047876288056475	0.0	0.0			0.92	0.0	-1.0171388478638062	0.1545436910157545	0.76153	0.522	distal
ENST00000221166	19.75	5.0	-3.438811797886803	0.0002921366353521	7.1	1.0	-2.4201174226360846	0.0077577480235655	8.34	3.0	-1.9703013417464197	0.0244019223811631	0.017983	0.514	distal
ENST00000221996	8.57	0.0	-3.0977708797727823	0.0009749105584097	0.0	0.0			0.83	0.0	-0.9538378310740528	0.1700828682563888	0.51043	0.6	distal
ENST00000222329	10.55	1.0	-3.092969251392615	0.0009908233322713	0.0	0.0			2.33	1.0	-0.9113632517829072	0.1810520046911941	0.98968	0.261	distal
ENST00000234739	9.28	0.0	-3.240419162819228	0.0005967705413149	16.93	1.0	-4.10687288134908	2.005258987878936e-05	8.5	1.0	-2.699210860361	0.0034752061420375	0.49607	0.381	distal,long_exon
ENST00000237455	24.59	4.0	-4.356039866118603	6.621833293403187e-06	0.0	0.0			3.67	2.0	-0.9099856005910956	0.1814150518686154	0.89697	0.358	distal
ENST00000238647	24.89	2.0	-4.891058695040996	5.014752410947788e-07	0.0	0.0			0.0	0.0			0.83623	0.405	distal
ENST00000239938	13.35	2.0	-3.2993072637476786	0.0004846187932228	0.0	0.0			0.15	0.0	-0.3986884861652106	0.3450613763472394	0.3509	0.59	distal
ENST00000240587	30.55	1.0	-5.59879326932084	1.0792450474777378e-08	0.0	0.0			0.0	0.0			0.99053	0.285	distal
ENST00000241600	5.01	0.0	-2.3612129296979845	0.009107634259303	0.0	0.0			0.69	0.0	-0.8610760520106505	0.1945980789257286	3.1326e-07	1.862	distal
ENST00000242208	11.52	0.0	-3.557577805531939	0.0001871451280544	0.0	0.0			1.51	0.0	-1.2691145450824817	0.1022001066782317	0.97979	0.251	distal
ENST00000242310	61.84	11.0	-6.758621353593523	6.9655469736386855e-12	0.0	0.0			0.0	0.0			0.96182	0.315	distal
ENST00000244745	12.18	0.0	-3.697449234722767	0.0001088883761968	0.0	0.0			0.0	0.0			0.92656	0.359	distal
ENST00000248633	1.77	1.0	-0.6063059848818805	0.2721557925675957	5.53	0.0	-2.457368629176811	0.0069979494784705	38.93	15.0	-4.019781471358886	2.912607439047501e-05	1.0572e-14	0.664	long_exon
ENST00000249330	19.6	4.0	-3.736028194509368	9.34748580993056e-05	0.0	0.0			0.0	0.0			0.56825	0.5	distal
ENST00000249363	16.63	4.0	-3.2668280095236133	0.0005437986657905	0.0	0.0			0.0	0.0			0.99787	0.166	distal
ENST00000253255	75.23	33.0	-5.117219743759372	1.5503614887937586e-07	0.0	0.0			0.0	0.0			2.0073e-09	1.166	distal
ENST00000254190	20.41	3.0	-4.048740763219922	2.574697180042101e-05	0.88	1.0	0.1304240588633474	0.5518845335296626	5.6	1.0	-2.0454974323450275	0.0204029210450286	0.70781	0.405	distal
ENST00000256362	21.19	5.0	-3.709634806288392	0.0001037792097765	0.0	0.0			0.0	0.0			0.98901	0.264	distal
ENST00000256495	10.59	1.0	-3.1015966878078465	0.0009624000131211	0.0	0.0			1.57	0.0	-1.2983196558975556	0.0970887573967719	0.99444	0.194	distal
ENST00000261800	7.16	5.0	-0.8524442779986002	0.1969837768167308	62.33	24.0	-5.073526709773878	1.952548157203004e-07	49.92	27.0	-3.422476534225076	0.000310267268871	6.023e-18	0.507	long_exon
ENST00000261900	13.83	2.0	-3.3229276692905203	0.0004453900434942	0.0	0.0			7.94	1.0	-2.5975123982152084	0.004695086512877	0.051092	0.498	distal
ENST00000262198	31.0	10.0	-3.94289835535244	4.025139006844984e-05	0.0	0.0			0.0	0.0			0.69573	0.392	distal
ENST00000262320	1.85	0.0	-1.4110891174705504	0.0791091692112608	5.1	0.0	-2.3739141440933773	0.008800321262706	19.43	8.0	-2.732268825864336	0.0031449897711866	0.40765	0.403	long_exon
ENST00000262384	4.35	1.0	-1.6948834543916944	0.0450487659173531	14.56	2.0	-3.43018369545164	0.0003015863774237	9.07	1.0	-2.8049837457814912	0.0025159558602597	0.62056	0.404	long_exon
ENST00000262525	31.15	3.0	-5.351202408414717	4.36858639310895e-08	0.0	0.0			0.0	0.0			0.99978	0.166	distal
ENST00000263257	10.15	0.0	-3.386485796417237	0.000353969705286	0.0	0.0			2.49	1.0	-0.9992098314294796	0.1588465271321417	0.98259	0.242	distal
ENST00000263390	17.55	2.0	-3.929173499248632	4.261916243344076e-05	0.0	0.0			0.0	0.0			0.88242	0.384	distal
ENST00000263468	1.02	1.0	-0.0189525073887375	0.4924394961047835	20.26	6.0	-3.2987506616782727	0.0004855806556102	20.8	12.0	-2.022500833758075	0.0215623187752237	5.2173e-18	0.962	long_exon
ENST00000264360	0.49	0.0	-0.7231671972232734	0.2347885846201406	21.09	4.0	-3.947056880171888	3.955888281214936e-05	8.37	2.0	-2.3123288050172537	0.0103797852329484	0.89066	0.352	long_exon
ENST00000264716	6.14	0.0	-2.599331429223955	0.00467027709673	0.0	0.0			2.39	1.0	-0.9495307004823011	0.171175382679102	0.98293	0.241	distal
ENST00000265018	2.36	3.0	0.4398088889107557	0.6699622354381035	5.0	0.0	-2.372951904570854	0.0088232807878334	40.19	41.0	0.1355094355001419	0.5538954476910376	1.3466e-16	0.841	long_exon
ENST00000266744	0.0	0.0			4.81	0.0	-2.3672209891367717	0.0089611138779518	4.26	0.0	-2.194456305256288	0.0141013109483448	0.67692	0.595	long_exon
ENST00000267622	1.66	0.0	-1.32721641111732	0.0922185525936069	40.55	17.0	-3.869559162893464	5.451616075092454e-05	44.58	30.0	-2.28704667001132	0.0110965495864848	1.714e-12	0.504	long_exon
ENST00000269209	9.64	1.0	-2.902021949632388	0.001853812805593	8.12	0.0	-2.9874706568859923	0.0014064814828639	8.33	1.0	-2.667083395143416	0.0038256341735955	0.19888	0.436	long_exon
ENST00000269397	14.34	2.0	-3.428482232766924	0.0003034831314885	0.0	0.0			0.72	0.0	-0.9203139347891128	0.1787043646001966	0.98196	0.285	distal
ENST00000270617	31.9	3.0	-5.361072135458271	4.1364735725664884e-08	0.0	0.0			0.0	0.0			0.26241	0.443	distal
ENST00000272164	5.9	0.0	-2.561445575776976	0.0052118785863967	0.0	0.0			5.84	3.0	-1.2437459065844914	0.1067965473260643	0.91225	0.388	distal
ENST00000272641	7.8	0.0	-2.9249792616011145	0.0017223958963638	0.0	0.0			0.0	0.0			0.92646	0.359	distal
ENST00000273067	5.27	0.0	-2.4271085608719107	0.0076098504320164	0.0	0.0			9.69	2.0	-2.637824552122368	0.0041719869447961	0.13283	0.566	distal
ENST00000275364	5.51	0.0	-2.4750723250043407	0.0066604598381194	0.0	0.0			3.57	1.0	-1.4405126293340262	0.0748612097685036	0.96994	0.276	distal
ENST00000276282	0.72	0.0	-0.8797716464242735	0.1894915137477776	25.35	9.0	-3.434270688082482	0.0002970752734724	5.91	3.0	-1.261889246145671	0.1034943210647704	4.2417e-09	0.824	long_exon
ENST00000276344	9.03	0.0	-3.1511400586383203	0.0008131724083041	0.0	0.0			0.0	0.0					distal
ENST00000282141	4.95	0.0	-2.3721625937944792	0.0088421533242631	0.0	0.0			1.95	1.0	-0.7281705767904119	0.2332545873801052	0.0006061	1.311	distal
ENST00000283891	7.42	0.0	-2.868014245063521	0.0020652846766401	0.0	0.0			0.0	0.0					distal
ENST00000286201	20.5	7.0	-3.1903233406075056	0.0007105684794031	0.0	0.0			0.0	0.0			0.08835	0.606	distal
ENST00000287020	13.48	2.0	-3.346634427705746	0.0004089950370916	0.0	0.0			2.75	1.0	-1.1261459003043748	0.1300518841043555	0.98833	0.223	distal
ENST00000287934	24.22	7.0	-3.7431366052416952	9.086868079477846e-05	0.0	0.0			0.0	0.0			0.042428	0.602	distal
ENST00000289431	13.85	2.0	-3.334837938858592	0.0004267456219694	0.0	0.0			0.88	2.0	1.2377893931040522	0.8921029187941598	0.97889	0.292	distal
ENST00000295057	18.49	4.0	-3.607300151245264	0.0001546998388729	0.0	0.0			0.0	0.0			0.5945	0.491	distal
ENST00000295082	14.35	3.0	-3.172821314388435	0.0007548270303455	0.0	0.0			0.0	0.0			0.24593	0.657	distal
ENST00000295417	21.65	8.0	-3.1430788686010582	0.0008359039408591	0.0	0.0			0.0	0.0			0.98255	0.283	distal
ENST00000296043	4.11	2.0	-1.0890203973055403	0.1380724454727691	36.08	7.0	-5.110712292052948	1.6047321786078376e-07	18.52	8.0	-2.560275876209541	0.0052294550404688	0.31709	0.352	long_exon
ENST00000297316	10.82	1.0	-3.1797216588614283	0.0007370828812567	0.0	0.0			0.98	0.0	-1.057693852669744	0.1450975193767487	0.88495	0.415	distal
ENST00000297598	16.53	4.0	-3.2382297186554543	0.000601369615094	0.0	0.0			0.0	0.0			0.30246	0.54	distal
ENST00000298316	5.21	0.0	-2.424963753211596	0.0076549576304425	0.0	0.0			0.0	0.0			0.71536	0.722	distal
ENST00000299237	22.37	4.0	-4.118767136807322	1.9045241113226578e-05	0.0	0.0			0.0	0.0			0.99285	0.248	distal
ENST00000299563	12.51	2.0	-3.099601138949992	0.0009689070259588	0.0	0.0			9.34	4.0	-1.8379501174898885	0.0330348780320673	0.039503	0.55	distal
ENST00000300849	13.37	2.0	-3.287631105622878	0.0005051706654132	1.02	0.0	-1.0482972062884544	0.147250848194669	3.86	0.0	-2.071116913489953	0.0191739358142552	0.12632	0.57	distal
ENST00000300850	2.5	0.0	-1.7023988075351466	0.0443403167209252	49.29	14.0	-5.28437541543794	6.306717648148211e-08	2.64	0.0	-1.7054434511368826	0.0440558751880837	6.7754e-06	0.521	long_exon
ENST00000302165	16.34	3.0	-3.496958644892304	0.0002352973894484	0.0	0.0			0.0	0.0			0.99024	0.259	distal
ENST00000302277	38.92	12.0	-4.494377152525457	3.488693465701153e-06	0.0	0.0			2.82	0.0	-1.7525145966107056	0.0398426810936196	0.0055255	0.479	distal
ENST00000302291	2.19	1.0	-0.8415433834968943	0.200021795770789	24.29	7.0	-3.64659816691663	0.0001328674933323	3.74	0.0	-2.0306710452946777	0.0211441877241155	0.52955	0.402	long_exon
ENST00000302326	2.19	0.0	-1.564806322640523	0.0588141644016382	37.65	6.0	-5.54858788272436	1.4399305810817442e-08	4.08	2.0	-1.0991813096485925	0.1358444947348764	0.99999	0.087	long_exon
ENST00000302327	11.4	1.0	-3.2174614952627443	0.0006466519263673	0.0	0.0			0.0	0.0			0.72928	0.483	distal
ENST00000303545	21.91	6.0	-3.5544596573421434	0.0001893783070994	0.0	0.0			0.0	0.0			0.53807	0.438	distal
ENST00000303577	8.76	0.0	-3.143633744746156	0.0008343207187623	0.0	0.0			0.0	0.0			0.90945	0.387	distal
ENST00000303924	15.26	2.0	-3.577679528982181	0.0001733290554637	0.66	0.0	-0.841868838119775	0.1999306873785206	5.95	3.0	-1.2637525732600856	0.103159424350796	0.99013	0.277	distal
ENST00000303991	24.55	7.0	-3.6895168874340936	0.0001123401571663	0.0	0.0			0.0	0.0			0.97001	0.32	distal
ENST00000304056	21.07	3.0	-4.127103520566889	1.8368052383003843e-05	0.0	0.0			1.25	0.0	-1.1667608542291852	0.1216534798558744	0.99795	0.234	distal
ENST00000304698	16.4	1.0	-3.970138117759032	3.5915489964647255e-05	0.0	0.0			12.0	2.0	-3.0343722941929654	0.0012051838967016	0.48535	0.408	distal
ENST00000305409	23.9	7.0	-3.6240937480948574	0.0001449882095082	0.0	0.0			0.0	0.0			2.1176e-05	0.853	distal
ENST00000306085	20.36	5.0	-3.594478395508504	0.0001625210571147	0.0	0.0			0.0	0.0			0.00013625	0.896	distal
ENST00000306917	16.06	4.0	-3.1427093775786323	0.0008369597381699	0.0	0.0			0.25	0.0	-0.5093506487551508	0.3052532310173854	0.34865	0.522	distal
ENST00000307194	10.5	1.0	-3.143524332627179	0.0008346326846429	0.0	0.0			0.0	0.0			0.40351	1.696	distal
ENST00000307630	8.15	0.0	-3.012171996988528	0.0012969279198485	0.0	0.0			0.0	0.0			0.964	0.289	distal
ENST00000307750	17.92	5.0	-3.199974634389346	0.0006871984142233	0.0	0.0			0.0	0.0			0.61772	0.483	distal
ENST00000308497	1.43	1.0	-0.3744182584932106	0.3540465804552257	17.4	5.0	-3.103616872921899	0.0009558535629528	6.07	0.0	-2.582336456226991	0.0049066930636035	0.48409	0.425	long_exon
ENST00000308775	19.25	5.0	-3.4074162582333583	0.00032790514436	0.0	0.0			0.54	0.0	-0.7635460394398954	0.2225689081269439	0.98117	0.301	distal
ENST00000309602	4.61	1.0	-1.7744544019378603	0.0379940090370067	5.73	0.0	-2.581258336199649	0.004922044314027	2.52	2.0	-0.3433666027369412	0.3656613405453529	0.91295	0.387	long_exon
ENST00000309993	13.93	0.0	-3.871495890187599	5.408474073532232e-05	0.0	0.0			0.0	0.0			0.62406	0.481	distal
ENST00000310074	12.22	1.0	-3.3719454353807734	0.0003731961707707	0.0	0.0			1.67	0.0	-1.413448580514045	0.0787619350409444	0.72366	0.486	distal
ENST00000310826	35.02	10.0	-4.42106920713715	4.910685433900876e-06	0.0	0.0			0.0	0.0			0.99778	0.249	distal
ENST00000311331	29.73	12.0	-3.3793943849956287	0.0003632285677233	0.0	0.0			1.62	0.0	-1.335912572800565	0.0907889254850341	0.032471	0.488	distal
ENST00000311601	17.24	3.0	-3.610285719487569	0.0001529299476641	0.0	0.0			14.39	6.0	-2.336981711942939	0.0097200675098433	0.0041589	0.488	distal
ENST00000312561	2.86	3.0	0.0876505132846526	0.5349227735779979	59.82	25.0	-4.713427883140969	1.217919789445245e-06	6.21	4.0	-0.923461741564668	0.177883314575256	0.009294	0.408	long_exon
ENST00000312960	6.5	0.0	-2.6885004830465014	0.0035886865920074	0.0	0.0			2.37	0.0	-1.6341271856372868	0.0511160738176049	0.68669	0.586	distal
ENST00000313071	12.82	0.0	-3.790961954152544	7.503247128841962e-05	0.0	0.0			0.0	0.0			0.94355	0.329	distal
ENST00000313288	1.8	0.0	-1.4139519396807962	0.0786880070718059	6.47	0.0	-2.67967548403429	0.0036846782429185	18.64	15.0	-0.8871264539301909	0.187505411513577	2.7082e-07	0.707	long_exon
ENST00000313401	9.66	0.0	-3.3012598717670376	0.0004812584321571	0.0	0.0			0.0	0.0			0.9149	0.378	distal
ENST00000313833	22.08	8.0	-3.1295014965482584	0.0008755159030856	0.0	0.0			0.0	0.0			0.1166	0.524	distal
ENST00000314393	0.7	0.0	-0.8885389191782428	0.1871254652355531	23.35	7.0	-3.5728299711708646	0.0001765720351244	4.83	1.0	-1.8274041188867045	0.0338195152553498	0.03372	0.518	long_exon
ENST00000314940	7.72	0.0	-2.925344120310688	0.0017203775344853	0.0	0.0			0.0	0.0			0.91616	0.376	distal
ENST00000316045	50.01	14.0	-5.293557602877974	5.99797160940001e-08	0.0	0.0			0.0	0.0					distal
ENST00000316407	74.51	10.0	-7.862846029691872	1.8775123384197984e-15	0.0	0.0			0.73	0.0	-0.8886246363355338	0.1871024230731396	1.0	0.19	distal
ENST00000317635	5.34	0.0	-2.429955839624292	0.0075503313009857	0.0	0.0			0.0	0.0			0.87922	0.434	distal
ENST00000318948	36.01	10.0	-4.51748035133486	3.128991646707078e-06	0.0	0.0			0.0	0.0			0.99394	0.279	distal
ENST00000319119	14.41	0.0	-3.975722377669992	3.5082971195074354e-05	0.0	0.0			0.0	0.0			0.97803	0.294	distal
ENST00000319331	21.18	7.0	-3.2303359832671057	0.0006182241201612	0.0	0.0			0.0	0.0			0.96996	0.32	distal
ENST00000321871	1.63	1.0	-0.5184538154653808	0.3020708377393242	6.08	0.0	-2.6116163003153954	0.0045057665589712	3.86	2.0	-0.9989237967600376	0.158915803736003	0.99555	0.187	long_exon
ENST00000322002	13.11	0.0	-3.842342211478341	6.093287946232103e-05	0.0	0.0			0.0	0.0			0.85844	0.44	distal
ENST00000322054	6.14	0.0	-2.614885136532194	0.004462873341742	0.14	0.0	-0.3812759508375358	0.3514992483913963	7.64	5.0	-1.0075778522896013	0.1568285829009816	0.042234	0.602	distal
ENST00000322527	276.71	205.0	-4.495100005910735	3.476862904317848e-06	0.0	0.0			1.38	0.0	-1.2246655211126405	0.1103506350077445	1.2813e-06	0.678	distal
ENST00000323249	5.32	0.0	-2.453576098086042	0.0070721804245111	0.0	0.0			1.05	0.0	-1.0973769868355474	0.1362383145877704	0.86893	0.451	distal
ENST00000324344	7.25	0.0	-2.847855251660302	0.0022007469408918	0.0	0.0			2.44	1.0	-0.9595718401364676	0.1686353736165187	0.8666	0.432	distal
ENST00000325144	16.32	0.0	-4.254732610873704	1.0464948880642893e-05	0.0	0.0			0.0	0.0			0.9982	0.162	distal
ENST00000325421	17.78	3.0	-3.739742987218517	9.210425242874673e-05	0.0	0.0			0.0	0.0			0.83882	0.457	distal
ENST00000326043	1.78	1.0	-0.6193340267762232	0.2678481664225047	4.91	0.0	-2.3851454446305165	0.0085361850837465	4.25	1.0	-1.6660711085153213	0.047849626102836	0.74382	0.537	long_exon
ENST00000326441	45.06	8.0	-5.759627668804817	4.214983922487597e-09	0.0	0.0			7.44	4.0	-1.3250364776376349	0.092579526467843	2.6257e-05	0.506	distal
ENST00000326524	5.13	0.0	-2.355991132109293	0.0092366793480047	0.0	0.0			0.0	0.0			0.80468	0.554	distal
ENST00000326756	34.73	11.0	-4.1985103739411045	1.3433827353754546e-05	0.0	0.0			0.0	0.0			0.0022867	0.577	distal
ENST00000327259	15.31	4.0	-3.090536476457097	0.0009989763124394	0.0	0.0			0.0	0.0			0.0029247	0.943	distal
ENST00000327892	11.27	0.0	-3.540762590134822	0.0001994862011029	0.0	0.0			0.48	0.0	-0.7159052953637511	0.2370249142433597	0.97889	0.292	distal
ENST00000328224	18.02	3.0	-3.699478502736451	0.000108021469071	0.0	0.0			0.0	0.0			0.98327	0.281	distal
ENST00000328345	16.47	2.0	-3.838847660171313	6.18065464453245e-05	0.0	0.0			0.0	0.0			0.92007	0.38	distal
ENST00000329198	9.06	0.0	-3.201552294927229	0.0006834463077678	0.0	0.0			1.09	0.0	-1.088549756937768	0.1381762416610623	0.94531	0.326	distal
ENST00000330394	1.28	0.0	-1.220000438820859	0.1112323542723654	4.9	0.0	-2.371933320230811	0.0088476419154792	25.4	1.0	-5.120232920523936	1.525792575772277e-07	0.46242	0.375	long_exon
ENST00000330574	25.38	8.0	-3.636013564949288	0.0001384448785468	0.0	0.0			0.0	0.0			0.5135	0.421	distal
ENST00000330753	17.52	4.0	-3.3970528200279477	0.0003405790878825	0.0	0.0			0.0	0.0			0.81715	0.413	distal
ENST00000330947	3.56	0.0	-1.963383610797725	0.0248008083646577	19.54	5.0	-3.443910240752301	0.000286683008692	3.49	3.0	-0.274052561967301	0.3920221143339396	0.99619	0.249	long_exon
ENST00000331327	11.47	0.0	-3.595534644059608	0.0001618630207677	0.0	0.0			0.0	0.0			0.94029	0.335	distal
ENST00000332499	12.93	0.0	-3.800855534018881	7.20986789948181e-05	0.0	0.0			0.0	0.0			0.98396	0.238	distal
ENST00000333129	23.01	3.0	-4.372172854326148	6.150803341971878e-06	0.0	0.0			0.0	0.0			0.98917	0.281	distal
ENST00000333141	12.38	0.0	-3.7287551480386023	9.621400549438756e-05	0.0	0.0			0.0	0.0			0.31806	1.124	distal
ENST00000333244	135.33	96.0	-3.5326023084122453	0.0002057454863168	0.0	0.0			6.38	4.0	-0.9898470874943548	0.1611244326803649	0.00064799	1.01	distal
ENST00000333628	12.69	2.0	-3.189863849361935	0.0007116991748291	0.0	0.0			0.48	0.0	-0.7144365358036725	0.2374786432828249	0.93478	0.363	distal
ENST00000335119	15.35	3.0	-3.3028384204800787	0.0004785576014873	0.0	0.0			0.0	0.0			0.12403	0.655	distal
ENST00000335815	20.79	7.0	-3.1421343229505343	0.000838605361256	0.0	0.0			0.68	0.0	-0.8612874727918909	0.194539866733346	5.6407e-06	0.778	distal
ENST00000335999	2.44	0.0	-1.6619226164078176	0.0482641456598729	20.75	6.0	-3.4073589862634086	0.0003279739635663	12.55	3.0	-2.845769116589689	0.0022152152594747	0.632	0.368	long_exon
ENST00000336023	10.48	0.0	-3.395332894046179	0.0003427260123528	0.0	0.0			1.36	0.0	-1.2211844627355926	0.111008092825789	0.96767	0.315	distal
ENST00000337338	25.3	10.0	-3.172526946936577	0.0007555926726016	0.0	0.0			0.0	0.0			0.97752	0.312	distal
ENST00000337526	0.82	0.0	-0.9371262774475758	0.1743468030276203	22.77	8.0	-3.2140380638225494	0.0006544116085546	11.28	2.0	-2.880415092023086	0.0019857595473142	0.45318	0.397	long_exon
ENST00000337714	1.73	1.0	-0.5922487401970845	0.2768420178302994	11.3	1.0	-3.192710437250108	0.0007047210231733	13.68	4.0	-2.759475064326575	0.0028947152611698	0.74238	0.373	long_exon
ENST00000337910	4.52	0.0	-2.2435358812112907	0.0124311393656443	6.18	0.0	-2.595240089777829	0.00472624321655	12.62	9.0	-1.069851882933485	0.1423429922149316	0.00024175	0.604	long_exon
ENST00000338222	18.17	0.0	-4.559458262815455	2.5642874012680297e-06	0.0	0.0			0.0	0.0			0.84968	0.448	distal
ENST00000338352	8.47	0.0	-3.0707932992236517	0.0010674544500954	0.0	0.0			0.0	0.0			0.28466	1.895	distal
ENST00000338647	13.17	2.0	-3.291899877382265	0.0004975651640359	0.0	0.0			0.69	0.0	-0.8655678439889612	0.1933635979907328	0.65179	0.618	distal
ENST00000339140	11.43	1.0	-3.26677594063417	0.0005438986874556	0.0	0.0			0.0	0.0			0.076682	1.918	distal
ENST00000339235	1.31	0.0	-1.200024276187434	0.1150649561933044	5.28	0.0	-2.448900440556612	0.0071646524879915	2.85	2.0	-0.532645774376647	0.2971394046688729	0.82537	0.469	long_exon
ENST00000339488	17.45	4.0	-3.3725795243353964	0.0003723378919139	0.7	0.0	-0.8726206506328836	0.1914349404281899	5.84	3.0	-1.2353393166374642	0.1083521235192658	0.00016171	0.682	distal
ENST00000340139	6.42	0.0	-2.637750695645777	0.0041728956117841	0.0	0.0			6.99	1.0	-2.361531675480162	0.0090998085390723	0.7537	0.436	distal
ENST00000340384	12.0	0.0	-3.673418751476493	0.0001196633991374	0.0	0.0			0.66	0.0	-0.8560618773452779	0.1959817770187777	0.80877	0.442	distal
ENST00000342702	12.02	0.0	-3.632426026607834	0.0001403845387385	0.0	0.0			1.99	0.0	-1.4766060033211577	0.0698906407775242	0.99191	0.252	distal
ENST00000343325	18.2	5.0	-3.2040709323392527	0.0006774954455337	0.0	0.0			0.0	0.0			0.13394	0.515	distal
ENST00000344096	17.44	5.0	-3.126996605354486	0.0008830098324772	0.0	0.0			0.0	0.0			0.99751	0.17	distal
ENST00000344876	7.66	5.0	-1.0105887999436651	0.1561066392879164	16.54	4.0	-3.2132288227400982	0.0006562583794289	6.08	4.0	-0.8798683734509823	0.1894653097314113	0.12675	0.456	long_exon
ENST00000344922	3.83	4.0	0.092697946919954	0.5369282359448884	27.65	10.0	-3.500227762625971	0.0002324303937384	35.81	10.0	-4.504136111023482	3.332174224549094e-06	0.03675	0.354	long_exon
ENST00000345080	5.77	0.0	-2.508351545572088	0.0060647962319389	0.0	0.0			1.6	1.0	-0.4869282281490044	0.3131545969286812	0.55513	0.574	distal
ENST00000345093	5.4	0.0	-2.4740102792725494	0.0066802926283943	0.0	0.0			3.96	1.0	-1.563140796827957	0.0590097408106606	0.96847	0.314	distal
ENST00000350696	2.5	1.0	-0.995353211328698	0.1597822531375013	5.03	0.0	-2.3589233254656223	0.009164021107251	31.05	14.0	-3.2227255121051157	0.0006348858457245	2.2646e-11	0.645	long_exon
ENST00000352066	12.64	0.0	-3.761021885926312	8.461031070780321e-05	0.0	0.0			0.0	0.0			0.95006	0.317	distal
ENST00000354340	37.19	13.0	-4.13779304964036	1.75331216021357e-05	0.0	0.0			0.39	0.0	-0.6545874254234326	0.2563667111375242	0.0056068	0.533	distal
ENST00000354822	11.43	1.0	-3.346482203414453	0.0004092196650487	0.0	0.0			2.77	0.0	-1.767966183010976	0.0385332786222333	0.35874	0.586	distal
ENST00000355898	4.86	1.0	-1.824792616194699	0.0340161652722761	19.7	3.0	-3.937777630325652	4.111987669102053e-05	9.94	3.0	-2.3039150639289203	0.0106137059614681	0.057483	0.444	long_exon
ENST00000356239	1.23	1.0	-0.2206789269716949	0.4126712204005319	48.68	18.0	-4.6029896721506685	2.082344444610133e-06	133.9	63.0	-6.422134374280966	6.718835948280685e-11	4.5249e-17	0.404	long_exon
ENST00000356321	25.36	6.0	-4.007409821959846	3.06941444594318e-05	0.0	0.0			0.0	0.0			0.99077	0.275	distal
ENST00000356607	6.31	0.0	-2.6508178282850854	0.0040148569232932	0.0	0.0			6.6	2.0	-1.909963853229691	0.0280689337847493	0.22566	0.518	distal
ENST00000356818	30.4	9.0	-4.079451723628576	2.2571021481055925e-05	0.0	0.0			0.0	0.0					distal
ENST00000357901	24.01	4.0	-4.236794185936522	1.1336689511068007e-05	0.0	0.0			0.0	0.0			0.3624	1.015	distal
ENST00000358704	15.75	0.0	-4.155087569137655	1.625814914103917e-05	0.0	0.0			0.0	0.0			0.99658	0.179	distal
ENST00000359858	30.31	13.0	-3.270498251397832	0.0005367910297549	0.0	0.0			10.81	2.0	-2.785560239406326	0.0026717655139013	1.317e-08	0.663	distal
ENST00000360538	33.02	7.0	-4.708343045757371	1.248692767695191e-06	0.0	0.0			0.0	0.0			0.99904	0.242	distal
ENST00000361283	27.09	2.0	-5.0339589839224175	2.402262564419717e-07	0.0	0.0			0.0	0.0			0.99197	0.271	distal
ENST00000361360	13.32	1.0	-3.6172910014446753	0.0001488512706407	0.0	0.0			0.0	0.0			0.88278	0.429	distal
ENST00000366609	7.08	0.0	-2.7978939157657226	0.002571850176184	3.72	1.0	-1.4992089403213729	0.0669097182165122	3.12	0.0	-1.8753489582786231	0.03037236607635	0.84558	0.451	distal
ENST00000366624	4.11	3.0	-0.5731120330287922	0.2832844201659757	7.99	0.0	-2.9808110684060365	0.001437430483299	21.27	17.0	-0.9758558864191887	0.1645679426944418	1.0441e-06	0.689	long_exon
ENST00000366795	18.55	5.0	-3.3347135554117937	0.0004269365356167	0.0	0.0			5.53	5.0	-0.2412887730515971	0.4046656558413355	0.0094032	1.263	distal
ENST00000367001	9.94	0.0	-3.2887113586671304	0.0005032359165902	0.76	0.0	-0.9477790485120092	0.1716209743618806	2.28	0.0	-1.6176934874094129	0.0528643351098279	0.98532	0.234	distal
ENST00000367353	30.28	1.0	-5.562367194902257	1.3306977727727229e-08	0.0	0.0			0.0	0.0			0.99624	0.249	distal
ENST00000367462	14.43	0.0	-3.994260670282588	3.244821790321348e-05	0.0	0.0			11.38	2.0	-2.9128398324667453	0.0017907912716046	0.14554	0.45	distal
ENST00000367739	6.31	0.0	-2.601851756070866	0.004636096144059	0.0	0.0			9.46	7.0	-0.8369698931739018	0.2013047456465292	0.015503	0.7	distal
ENST00000368654	0.8	1.0	0.2309149612920007	0.5913095663067301	78.15	50.0	-3.321463393168591	0.0004477336408355	23.54	14.0	-2.047583939062148	0.0203003921998488	1.2598e-28	0.764	long_exon
ENST00000369042	28.3	3.0	-5.035034933809834	2.388808484963897e-07	0.0	0.0			0.46	0.0	-0.7168897209450498	0.2367210724780134	0.93555	0.347	distal
ENST00000369784	0.11	0.0	-0.3338082574241023	0.3692621259881147	19.96	2.0	-4.2068758005975	1.294626735608376e-05	3.94	1.0	-1.5402059140458553	0.061755084393933	0.99474	0.276	long_exon
ENST00000369864	13.85	0.0	-3.9319953127265785	4.212185436603236e-05	0.0	0.0			0.0	0.0			0.98411	0.238	distal
ENST00000370454	22.19	7.0	-3.3634230042022346	0.000384911535315	0.0	0.0			0.0	0.0			0.00078506	0.639	distal
ENST00000371019	4.98	0.0	-2.399649813105626	0.0082053814918867	0.0	0.0			0.0	0.0			0.047967	1.688	distal
ENST00000371117	7.29	6.0	-0.5049440705717497	0.3067990596675944	23.77	8.0	-3.397505771476203	0.000340015767533	102.65	56.0	-4.834457023814776	6.675477139705933e-07	1.1657e-47	0.681	long_exon
ENST00000371497	0.67	0.0	-0.8704094311022481	0.1920383472611195	29.59	3.0	-5.126417862782599	1.4765339991782086e-07	3.91	1.0	-1.5366691567862178	0.0621871738806346	0.9814	0.307	long_exon
ENST00000372146	1.22	1.0	-0.2042175712308972	0.4190917404186544	18.83	5.0	-3.3490863828044786	0.0004053925647827	9.86	2.0	-2.6312577363821013	0.0042534747148373	0.2592	0.444	long_exon
ENST00000372488	6.52	0.0	-2.6804758560830644	0.0036758783855456	0.0	0.0			4.2	3.0	-0.6241151539245503	0.2662759812627582	0.77915	0.458	distal
ENST00000372491	12.85	0.0	-3.854108330431763	5.807608077695049e-05	0.0	0.0			0.0	0.0			0.55377	0.718	distal
ENST00000372524	15.56	4.0	-3.1034737575624445	0.0009563159817675	0.0	0.0			0.33	0.0	-0.5923107543951873	0.2768212578485816	0.94589	0.349	distal
ENST00000373313	8.88	0.0	-3.1864739106683584	0.0007200923808107	0.0	0.0			0.0	0.0			0.90304	0.397	distal
ENST00000373464	14.98	3.0	-3.2498878886968385	0.0005772525630595	0.0	0.0			0.0	0.0			0.98767	0.225	distal
ENST00000373517	14.87	2.0	-3.463099178534032	0.0002669957640951	0.0	0.0			0.0	0.0			0.78108	0.506	distal
ENST00000373659	12.61	2.0	-3.1081712750849264	0.000941244683977	0.0	0.0			0.0	0.0			0.13693	0.641	distal
ENST00000373880	5.8	0.0	-2.5029767276308994	0.0061576820911057	0.0	0.0			4.98	1.0	-1.8569161986641909	0.0316615387893729	0.82096	0.436	distal
ENST00000374228	0.97	2.0	1.0948729277544231	0.8632138445293511	6.12	0.0	-2.644141339720563	0.0040949225008287	4.52	5.0	0.2351505533841434	0.5929540586891106	1.3414e-11	1.63	long_exon
ENST00000374525	1.93	0.0	-1.4592658114485728	0.0722459806986449	23.18	7.0	-3.534192002075954	0.0002045119173584	5.91	2.0	-1.684357141012367	0.0460563342265766	0.00015855	0.626	long_exon
ENST00000374694	23.21	8.0	-3.388580777266945	0.0003512766611871	0.0	0.0			0.0	0.0			0.78983	0.423	distal
ENST00000374888	19.79	4.0	-3.739508361421813	9.21902576988022e-05	0.0	0.0			0.0	0.0			0.95266	0.312	distal
ENST00000375377	1.39	0.0	-1.2530886060123505	0.1050867310844332	41.38	15.0	-4.324292424909725	7.651110403696082e-06	3.89	0.0	-2.050102348391071	0.0201772221449612	0.0029966	0.477	long_exon
ENST00000375442	3.81	4.0	0.1036780360344826	0.5412875712949526	5.27	0.0	-2.419111272267139	0.0077792400432329	13.01	3.0	-2.918683488186019	0.0017575646646299	0.87393	0.405	long_exon
ENST00000375687	29.49	11.0	-3.5781858885523903	0.0001729936759835	3.39	4.0	0.3465483025280895	0.6355346549063848	12.35	4.0	-2.497328991292691	0.006256640176503	1.2511e-14	0.794	distal
ENST00000375856	0.28	0.0	-0.5397702329478855	0.2946777489459751	30.69	6.0	-4.741498300009513	1.0607171911773474e-06	3.84	1.0	-1.5547695768757868	0.0600004786043416	0.99032	0.286	long_exon
ENST00000376008	5.2	0.0	-2.384992220495576	0.0085397412625089	0.0	0.0			1.26	1.0	-0.2495141403150872	0.4014815521691336	0.30495	0.765	distal
ENST00000376351	18.75	12.0	-1.6301652004488478	0.0515332933109228	5.22	0.0	-2.4502721668467147	0.0071374134648197	18.65	8.0	-2.59494980245057	0.0047302367396086	0.00055056	0.467	long_exon
ENST00000376495	13.28	2.0	-3.285141989036183	0.0005096549495481	0.0	0.0			0.0	0.0			0.65091	0.619	distal
ENST00000377741	7.49	0.0	-2.92190321584831	0.0017394981510622	0.0	0.0			0.0	0.0			0.441	0.868	distal
ENST00000377865	4.72	3.0	-0.8304151906439866	0.2031520399487578	18.88	2.0	-4.04146298010613	2.6559383841717502e-05	6.67	3.0	-1.491930738184308	0.0678586517673043	0.80865	0.372	long_exon
ENST00000378024	110.97	27.0	-8.237728995070185	8.77550890329189e-17	0.0	0.0			1.4	0.0	-1.2612403858228232	0.1036111260859727	0.89827	0.308	distal
ENST00000378116	21.21	3.0	-4.153043427897589	1.640412226785376e-05	0.0	0.0			8.66	5.0	-1.3140143926657533	0.0944206804074018	0.98528	0.302	distal
ENST00000378226	13.4	1.0	-3.565500319669729	0.0001815813596262	0.0	0.0			3.52	0.0	-1.970409909155117	0.0243957054146979	0.12831	0.569	distal
ENST00000378788	47.43	19.0	-4.369827699232504	6.217230501487455e-06	0.0	0.0			0.66	0.0	-0.8512759098345144	0.1973080518306289	0.32121	0.414	distal
ENST00000378827	10.32	0.0	-3.375278191376528	0.0003687055416648	0.0	0.0			1.4	1.0	-0.3548497604200964	0.3613510737938675	0.98799	0.224	distal
ENST00000378961	1.62	0.0	-1.3327162926574707	0.09131246224823	20.6	6.0	-3.3664943324075645	0.0003806507329478	6.27	2.0	-1.7948754448019053	0.0363367735083867	2.3622e-07	0.776	long_exon
ENST00000379214	17.25	3.0	-3.5882909055926318	0.0001664263913434	0.0	0.0			11.79	6.0	-1.76213242227554	0.0390234632363257	0.48705	0.382	distal
ENST00000379751	20.22	4.0	-3.812641129988525	6.874483718073345e-05	0.0	0.0			0.0	0.0			0.99634	0.181	distal
ENST00000380412	16.45	4.0	-3.244975245698125	0.0005873041702281	0.0	0.0			0.0	0.0			0.42411	0.498	distal
ENST00000381151	21.09	5.0	-3.671733848538691	0.0001204552500407	0.0	0.0			0.0	0.0			0.96739	0.324	distal
ENST00000381867	12.9	2.0	-3.204111644436718	0.0006773996475596	0.0	0.0			2.38	2.0	-0.2603113817859864	0.3973117968851171	0.97515	0.301	distal
ENST00000382554	33.79	13.0	-3.793228594032134	7.43505732719335e-05	16.85	8.0	-2.2855981111858563	0.0111388903893217	13.6	7.0	-1.8989380374452456	0.0287863116877056	1.4848e-09	0.562	distal
ENST00000383263	16.93	3.0	-3.5520908316585023	0.0001910914528874	0.0	0.0			0.0	0.0			0.0040271	0.743	distal
ENST00000388913	24.55	9.0	-3.3204413393205736	0.0004493762222738	0.0	0.0			4.9	1.0	-1.86367684023906	0.0311835498203214	0.89239	0.359	distal
ENST00000392413	14.08	5.0	-2.624776640786956	0.0043352912595161	26.41	11.0	-3.1656142052282	0.000773779488421	3.93	7.0	1.639361733812303	0.9494310269376124	1.548e-08	0.893	long_exon
ENST00000392452	13.99	2.0	-3.3673995678474595	0.0003794032960035	0.0	0.0			0.51	0.0	-0.7829572044971612	0.2168261216718281	0.042673	0.687	distal
ENST00000393752	11.59	1.0	-3.2665664611577765	0.0005443012587322	0.0	0.0			0.0	0.0			0.9555	0.307	distal
ENST00000393869	9.25	0.0	-3.206347186795789	0.0006721584252393	0.0	0.0			0.0	0.0					distal
ENST00000394725	7.72	0.0	-2.9230367402115123	0.0017331780610673	0.0	0.0			0.0	0.0			0.85136	0.446	distal
ENST00000394967	13.22	2.0	-3.3044990868455857	0.0004757314292921	0.0	0.0			0.0	0.0			0.94003	0.335	distal
ENST00000394987	4.48	3.0	-0.7379593244801808	0.2302695835201599	19.84	5.0	-3.510966572158581	0.0002232402692795	4.1	5.0	0.4739804266447912	0.6822430674454947	0.0054058	0.575	long_exon
ENST00000395153	18.52	2.0	-4.040528005130431	2.666549792613462e-05	0.0	0.0			4.37	0.0	-2.179256238835159	0.0146563190865353	0.34285	0.481	distal
ENST00000396641	5.64	0.0	-2.4843748013246163	0.0064889567158363	0.0	0.0			0.0	0.0			0.44415	0.863	distal
ENST00000397732	20.79	7.0	-3.136094128143397	0.000856071208867	0.0	0.0			0.0	0.0			0.00028372	1.856	distal
ENST00000397942	15.84	4.0	-3.1168445088374748	0.0009139897930007	0.0	0.0			0.0	0.0			0.98865	0.221	distal
ENST00000398548	7.18	0.0	-2.8999157082446825	0.00186631511112	0.0	0.0			30.72	17.0	-2.5985139234268084	0.0046814123949473	0.40086	0.358	distal
ENST00000398795	5.31	0.0	-2.4173194513776823	0.0078176442492654	0.0	0.0			4.64	2.0	-1.2829763002770609	0.0997501896457048	0.0098034	0.924	distal
ENST00000399933	35.1	15.0	-3.541164031761881	0.0001991829174929	14.99	4.0	-2.974036124825453	0.0014695523559747	19.51	10.0	-2.2503695702365456	0.0122127475002772	0.65923	0.336	distal
ENST00000402676	0.45	2.0	2.370658584838326	0.9911217876474462	59.84	21.0	-5.256882663618269	7.32588636351417e-08	7.57	3.0	-1.739973291568609	0.040931853928623	0.035666	0.426	long_exon
ENST00000405460	1.45	2.0	0.4803515310346414	0.6845112736550869	19.28	4.0	-3.657534852430621	0.0001273263208447	166.42	83.0	-6.758394912470294	6.976439711071596e-12	3.1737e-39	0.516	long_exon
ENST00000405846	8.54	0.0	-3.0848368273136724	0.0010183192716079	0.0	0.0			0.0	0.0			0.36177	0.708	distal
ENST00000405858	28.13	11.0	-3.3573874443138005	0.0003934138577678	0.0	0.0			0.43	0.0	-0.6817567195415429	0.2476963978482328	0.039662	0.51	distal
ENST00000407418	7.05	0.0	-2.792183577553434	0.0026176822183503	0.0	0.0			0.8	0.0	-0.9499389511813796	0.1710716367635002	0.97568	0.262	distal
ENST00000407464	17.39	0.0	-4.404621818788243	5.298428986955695e-06	0.0	0.0			0.0	0.0			0.99668	0.178	distal
ENST00000409261	0.77	0.0	-0.9165275154991308	0.1796951412518982	32.08	10.0	-4.070399394037212	2.346630306535341e-05	25.33	13.0	-2.561341373681562	0.0052134422404776	8.4671e-06	0.454	long_exon
ENST00000409871	17.52	4.0	-3.375929030348777	0.0003678344655877	1.26	2.0	0.690946512659485	0.7552004226615767	21.98	3.0	-4.226017394125622	1.18931806585413e-05	0.19197	0.406	distal
ENST00000415738	15.76	4.0	-3.134616272417396	0.0008603952207021	0.0	0.0			4.09	0.0	-2.130666312853441	0.0165583211129443	0.77626	0.428	distal
ENST00000421952	23.02	9.0	-3.1155489122923514	0.0009180144819461	0.0	0.0			0.25	0.0	-0.5820838515935914	0.2802551008853675	0.359	0.477	distal
ENST00000422652	22.15	6.0	-3.5941892755260474	0.000162701613063	0.0	0.0			0.0	0.0			0.99782	0.212	distal
ENST00000423158	9.5	0.0	-3.246064400190232	0.0005850618313652	0.0	0.0			0.0	0.0			0.93201	0.366	distal
ENST00000423312	3.03	1.0	-1.2476844165952583	0.1060733251644405	16.77	2.0	-3.812311593893595	6.883658233714056e-05	25.55	11.0	-3.062278196045835	0.0010982960004848	0.00051939	0.468	long_exon
ENST00000424383	25.7	8.0	-3.706537336127085	0.0001050561367486	0.0	0.0			0.0	0.0			0.99882	0.153	distal
ENST00000424869	9.82	3.0	-2.2639785118842357	0.0117877182166248	16.63	3.0	-3.497119830724703	0.000235155260749	15.74	0.0	-4.147033928162148	1.684050837912115e-05	0.4719	0.535	long_exon
ENST00000425432	6.61	0.0	-2.7003304866656204	0.0034635313592027	0.0	0.0			4.97	1.0	-1.872791813360813	0.0305485694560504	0.0027859	0.684	distal
ENST00000427980	19.03	1.0	-4.349907454415983	6.809749922797661e-06	0.0	0.0			0.0	0.0			0.97897	0.305	distal
ENST00000429584	11.33	1.0	-3.2200873059376325	0.0006407578090371	0.0	0.0			0.0	0.0			0.40781	0.925	distal
ENST00000431845	13.72	2.0	-3.3318998427870588	0.0004312764652569	0.0	0.0			0.0	0.0			0.21918	0.579	distal
ENST00000436881	27.42	11.0	-3.352741633276811	0.000400076811577	0.0	0.0			0.0	0.0			0.98777	0.285	distal
ENST00000439696	6.31	0.0	-2.648204406856457	0.0040460290441457	0.0	0.0			0.0	0.0			0.67406	0.598	distal
ENST00000441802	9.01	6.0	-1.058780712806359	0.1448498297124133	63.04	33.0	-3.946951315098642	3.957632206628224e-05	60.18	17.0	-5.816070308318213	3.01235671025883e-09	1.1969e-12	0.431	long_exon
ENST00000449416	17.01	2.0	-3.800320111281718	7.225464523977181e-05	0.0	0.0			0.0	0.0			0.97927	0.292	distal
ENST00000453200	29.19	7.0	-4.340733418109348	7.100396273453053e-06	0.0	0.0			0.2	0.0	-0.4656799900285026	0.3207222886806058	0.57799	0.395	distal
ENST00000454678	11.88	1.0	-3.3320635467298976	0.0004310228482405	0.0	0.0			9.84	3.0	-2.2959342315732902	0.0108398210585168	0.17836	0.464	distal
ENST00000457543	47.82	28.0	-3.1161786416002157	0.0009160562379928	0.0	0.0			0.0	0.0			0.0017819	0.518	distal
ENST00000458143	9.82	0.0	-3.317677953072565	0.0004538453725438	0.0	0.0			10.42	4.0	-2.133714274022564	0.0164330884522622	0.65205	0.416	distal
ENST00000467148	2.31	3.0	0.4908974411086409	0.6882505065008984	43.53	24.0	-3.1642876913091604	0.0007773151998853	43.67	29.0	-2.3633250617894945	0.0090558876918645	1.3364e-08	0.466	long_exon
ENST00000474629	3.58	2.0	-0.8676187400632313	0.1928015419608138	26.56	8.0	-3.759659131255749	8.50725121487982e-05	31.35	10.0	-3.974370225373772	3.528286259507735e-05	0.0067415	0.395	long_exon
ENST00000475390	28.21	6.0	-4.377018031262166	6.015701228920488e-06	0.0	0.0			0.0	0.0			0.93906	0.34	distal
ENST00000496613	0.5	0.0	-0.7259875162826129	0.2339232117865551	5.71	0.0	-2.5133965838538344	0.0059787415157519	23.94	11.0	-2.7700002933647623	0.0028028121083034	0.067255	0.41	long_exon
ENST00000509176	6.08	2.0	-1.7303458220862271	0.0417842536594149	8.14	0.0	-2.9792679958008885	0.0014446897248076	13.94	5.0	-2.4906392745618047	0.006375675416382	0.000789	0.55	long_exon
ENST00000512982	0.52	0.0	-0.745776057218048	0.227901352798255	5.4	0.0	-2.415671106211444	0.0078531205338198	20.33	8.0	-2.8493602787993937	0.0021903621196108	0.17214	0.424	long_exon
ENST00000520560	29.11	6.0	-4.469959057090098	3.911728600576056e-06	0.0	0.0			0.0	0.0			0.44996	1.555	distal
ENST00000521776	28.34	11.0	-3.4129842161784194	0.000321278317956	0.0	0.0			0.0	0.0			0.0053453	0.632	distal
ENST00000523207	22.48	6.0	-3.646579089233221	0.0001328773537811	0.04	0.0	-0.2092719437165213	0.4171179762642658	5.17	2.0	-1.462163744736142	0.0718481720392178	0.99613	0.262	distal
ENST00000528697	15.56	1.0	-3.866625018716417	5.517595275521797e-05	0.0	0.0			0.0	0.0			0.97233	0.306	distal
ENST00000537235	26.27	11.0	-3.1225172310377407	0.0008965580440201	0.0	0.0			0.0	0.0			0.74187	0.668	distal
ENST00000537592	3.11	2.0	-0.6645929224481882	0.2531554486569538	28.48	10.0	-3.690261530192962	0.0001120118070603	2.8	1.0	-1.1372674928659003	0.1277132398459419	0.40326	0.439	long_exon
ENST00000539517	9.35	0.0	-3.1947936592891306	0.0006996542300934	0.0	0.0			3.45	1.0	-1.3842906676097864	0.0831347352226357	0.99621	0.182	distal
ENST00000542735	6.73	0.0	-2.766037867516136	0.0028370972719865	0.37	0.0	-0.6423150666449996	0.2603343167822383	3.31	0.0	-1.9424911429414435	0.0260388355693703	0.43615	0.55	distal
ENST00000547167	6.94	0.0	-2.7642195955460087	0.0028529562502739	0.0	0.0			7.19	1.0	-2.4075715127784507	0.0080295083561259	0.89759	0.377	distal
ENST00000550078	0.0	0.0			33.22	15.0	-3.306884266253438	0.0004716992995281	0.0	0.0			0.00039942	0.625	long_exon
ENST00000551380	27.95	12.0	-3.1463274361887885	0.0008266739703528	0.0	0.0			2.74	2.0	-0.4757302658145948	0.3171332779306135	0.045639	0.541	distal
ENST00000551556	5.64	0.0	-2.476221461382489	0.0066390593454689	0.0	0.0			0.0	0.0			0.62999	0.638	distal
ENST00000554311	12.67	2.0	-3.208526491920346	0.000667085086546	0.0	0.0			0.0	0.0			0.11863	0.817	distal
ENST00000563281	24.17	5.0	-4.110207897320498	1.9765152567992763e-05	0.0	0.0			0.0	0.0					distal
ENST00000565624	105.05	36.0	-7.112693443673224	5.689993263043715e-13	0.0	0.0			0.0	0.0			0.10833	0.585	distal
ENST00000568956	31.11	7.0	-4.613732306502124	1.977508764692302e-06	0.0	0.0			0.0	0.0			0.99814	0.163	distal
ENST00000569188	14.31	2.0	-3.4612223472622023	0.0002688642429351	0.46	0.0	-0.7229641653316324	0.2348509501392728	5.7	5.0	-0.3114812542526918	0.3777173957694216	0.88316	0.372	distal
ENST00000580243	32.76	6.0	-4.908463451709597	4.589636548516633e-07	0.0	0.0			0.0	0.0			0.99825	0.23	distal
ENST00000581407	14.61	1.0	-3.789212044094753	7.55629386278829e-05	0.0	0.0			0.0	0.0			0.29182	0.544	distal
ENST00000590800	6.37	3.0	-1.4179480430349074	0.0781029672301861	6.16	0.0	-2.608433413223034	0.0045478853084913	2.9	0.0	-1.7841747851138634	0.0371976341005602	0.16087	0.619	long_exon
ENST00000598519	33.69	13.0	-3.829157446628213	6.429136345296621e-05	0.0	0.0			0.0	0.0			0.91268	0.359	distal
ENST00000601538	5.36	0.0	-2.429886105028667	0.0075517841116175	14.92	0.0	-4.052849533782926	2.529877337567472e-05	28.57	8.0	-4.05609428663464	2.4950061243173425e-05			distal,long_exon
ENST00000603357	20.64	6.0	-3.3767163223624914	0.0003667833169003	0.0	0.0			0.0	0.0					distal
ENST00000606888	10.94	1.0	-3.171838920837596	0.0007573850020369	0.0	0.0			0.0	0.0					distal
ENST00000609713	4.93	0.0	-2.3392402477498497	0.0096615015903736	5.72	0.0	-2.527737473968372	0.0057400078766178	3.37	1.0	-1.355749916910292	0.0875893756416204	0.54063	0.51	distal,long_exon
ENST00000610935	11.36	1.0	-3.2797401842885456	0.0005195136266963	0.0	0.0			0.0	0.0					distal
ENST00000612955	3.57	2.0	-0.8756495798285412	0.1906102816388924	14.63	1.0	-3.717256963845352	0.0001006987865195	23.81	13.0	-2.32437459192578	0.0100527130595206			long_exon
ENST00000614654	28.67	13.0	-3.110182224853558	0.0009348597873012	0.0	0.0			3.34	1.0	-1.348535344019391	0.0887431301445317			distal
ENST00000615277	3.17	0.0	-1.865916825101605	0.0310265016213253	24.52	0.0	-5.172245759831149	1.1564854604031235e-07	7.86	1.0	-2.550749695997246	0.0053745747054899			long_exon
ENST00000615612	5.18	0.0	-2.409845708470097	0.007979634065958	1.63	0.0	-1.346662076157919	0.0890445457762694	3.64	1.0	-1.460518979880715	0.0720737475617098			distal
ENST00000617190	3.37	0.0	-1.9475514633157784	0.025734328112186	6.29	0.0	-2.648363327190021	0.0040441273202604	11.37	2.0	-2.9190778439700824	0.0017553427198237			long_exon
ENST00000617516	5.42	0.0	-2.461503189063013	0.0069178083863342	0.0	0.0			0.0	0.0					distal
ENST00000618550	4.97	0.0	-2.411768886356489	0.0079376705513192	17.58	8.0	-2.429557915286588	0.0075586247351592	3.47	1.0	-1.3915974596337954	0.0820221642868294			distal
ENST00000619757	18.96	2.0	-4.134274187992888	1.7803908140305437e-05	0.0	0.0			0.0	0.0					distal
ENST00000621592	6.44	0.0	-2.653441000851252	0.0039837849029055	3.06	0.0	-1.885729839910232	0.0296656848172229	4.33	0.0	-2.211885149266587	0.0134873008147317			distal
ENST00000621696	38.09	3.0	-5.9489696686651214	1.3491781581234084e-09	0.0	0.0			0.0	0.0					distal
ENST00000635767	1.06	0.0	-1.0837511048434565	0.1392375849130782	50.87	15.0	-5.221657762374836	8.866423274181605e-08	12.08	3.0	-2.7263317950532304	0.0032021292496833			long_exon
ENST00000636215	0.81	0.0	-0.9454159818388496	0.1722232730651007	21.35	2.0	-4.364254372806588	6.377854109175276e-06	15.95	1.0	-3.908712091858256	4.639473266787229e-05			long_exon
ENST00000636584	3.33	1.0	-1.3534168251520595	0.0879612526598436	5.3	0.0	-2.443680896038454	0.0072691395784898	4.15	2.0	-1.1180251901676472	0.131778117486034			long_exon
ENST00000639785	17.23	4.0	-3.3759043716111568	0.0003678674337153	5.26	4.0	-0.5800457426418364	0.2809418856017616	10.64	2.0	-2.770049935297703	0.0028023849592266			distal
ENST00000642384	21.0	0.0	-4.820051648729672	7.176052990822989e-07	0.0	0.0			3.45	0.0	-1.9444143533715752	0.0259227521842326			distal
ENST00000643185	1.85	2.0	0.1186468914330681	0.5472224431429586	93.12	53.0	-4.328169681375865	7.517680887956542e-06	18.14	11.0	-1.7489784489853215	0.0401473723596282			long_exon
ENST00000644024	11.09	0.0	-3.5334640589374087	0.0002050759260509	0.0	0.0			0.0	0.0					distal
ENST00000644971	2.7	0.0	-1.758692802399643	0.0393148502891308	21.14	7.0	-3.2797648054720816	0.0005194682936746	113.62	47.0	-6.616189138207593	1.8428837093055165e-11			long_exon
ENST00000647374	26.0	10.0	-3.269219657404148	0.0005392227274342	0.0	0.0			0.0	0.0					distal
ENST00000648323	10.64	1.0	-3.1535610454547625	0.0008064574530972	0.0	0.0			0.0	0.0					distal
ENST00000649030	10.63	0.0	-3.479821392662966	0.0002508740790053	0.0	0.0			0.0	0.0					distal
ENST00000649591	49.35	28.0	-3.232022678509934	0.0006145865021768	0.0	0.0			0.0	0.0					distal
ENST00000650167	3.42	2.0	-0.8056043101155967	0.210235519807636	47.08	17.0	-4.604296319656067	2.0693141924239235e-06	20.99	2.0	-4.313359568011858	8.039614452675517e-06			long_exon
ENST00000650528	43.4	7.0	-5.916270187274957	1.6466203464904939e-09	0.0	0.0			0.0	0.0					distal
ENST00000651222	1.02	0.0	-1.0457459204260509	0.1478391777073521	52.65	17.0	-5.200064725281528	9.96095695559296e-08	39.67	6.0	-5.650475268558702	8.000241359184597e-09			long_exon
ENST00000651870	12.86	2.0	-3.15677674960986	0.0007976171463696	0.0	0.0			0.0	0.0					distal
ENST00000652001	26.39	7.0	-4.009120720724736	3.04726278781966e-05	0.0	0.0			0.0	0.0					distal
ENST00000652225	7.75	9.0	0.4679231663969583	0.6800802319865582	5.49	0.0	-2.435575028129674	0.0074340704190887	28.71	18.0	-2.095250301214938	0.0180743739431969			long_exon
ENST00000652263	16.87	2.0	-3.8488291251808575	5.934187870351319e-05	0.0	0.0			0.74	0.0	-0.9076261723141144	0.1820378808481661			distal
ENST00000673934	0.0	0.0			40.13	0.0	-6.6818006766686455	1.1801195728402879e-11	1.87	0.0	-1.4347800775588502	0.0756748883746731			long_exon
ENST00000674357	11.2	1.0	-3.1925352390880364	0.0007051486770427	0.0	0.0			0.0	0.0					distal
ENST00000674365	18.47	2.0	-4.031209872946225	2.774523245854513e-05	0.0	0.0			0.0	0.0					distal
ENST00000675478	5.38	2.0	-1.5371185713822677	0.0621321379673075	15.97	0.0	-4.273617391679832	9.616347572610605e-06	4.45	1.0	-1.7341319957758727	0.0414473328046277			long_exon
ENST00000676153	19.5	4.0	-3.700334928082042	0.0001076575507557	0.0	0.0			0.0	0.0					distal
ENST00000680005	12.52	1.0	-3.4133882802461897	0.0003208022930936	0.0	0.0			0.0	0.0					distal
ENST00000680361	2.47	2.0	-0.3109883325408991	0.3779047457218207	78.3	31.0	-5.57750181240479	1.2199862167448209e-08	237.37	39.0	-13.498466687251057	7.983228810658347e-42			long_exon
ENST00000682254	12.59	0.0	-3.762360518912384	8.415859112782173e-05	0.0	0.0			0.0	0.0					distal
ENST00000682258	1.46	0.0	-1.2770739454401452	0.1007880711621062	17.92	3.0	-3.7491180305439618	8.872877861307704e-05	28.28	6.0	-4.390944415558931	5.642969566388102e-06			long_exon
ENST00000682385	24.3	7.0	-3.6774276644573702	0.0001177989281299	9.5	0.0	-3.211591567749404	0.0006600094797232	30.07	6.0	-4.591063705093556	2.2049634794993177e-06			distal,long_exon
ENST00000682386	12.18	0.0	-3.656647692372961	0.0001277676029116	0.0	0.0			0.0	0.0					distal
ENST00000682557	13.9	8.0	-1.6627691414455528	0.0481793279479553	29.66	8.0	-4.151840647143492	1.6490594360840377e-05	10.01	2.0	-2.652192998381496	0.0039985407935646			long_exon
ENST00000682931	3.5	2.0	-0.8362128903553441	0.2015175739722073	5.18	0.0	-2.4219984637672365	0.007717707897735	7.77	6.0	-0.6744304550431373	0.2500188429872688			long_exon
ENST00000683152	25.67	3.0	-4.727820862879378	1.1347113259699603e-06	2.4	2.0	-0.2681219509342518	0.394302724918523	12.13	2.0	-3.066250215548651	0.001083809179251			distal
ENST00000683689	27.65	10.0	-3.5214561439564185	0.0002145918264263	0.0	0.0			0.0	0.0					distal
ENST00000684031	0.57	0.0	-0.7807130281375533	0.2174856481800993	7.01	0.0	-2.7733114264286574	0.0027744494865857	34.91	2.0	-5.821848676071991	2.910011708016461e-09			long_exon
ENST00000684572	17.23	4.0	-3.3281327630934565	0.0004371509509028	5.76	1.0	-2.1010054647915752	0.0178202432691609	17.21	6.0	-2.8566588779195885	0.0021406283986139			distal
ENST00000688009	4.98	2.0	-1.40970639480768	0.0793131978579436	14.51	0.0	-4.080263067345971	2.249238067114924e-05	3.29	0.0	-1.9253504847872551	0.0270927628594766			long_exon
